weight_bin,midpoint_kg,pct_trucks
"(0, 100]",50.0,0.013614703880190605
"(100, 200]",150.0,0.009019741320626277
"(200, 300]",250.0,0.010040844111640572
"(300, 400]",350.0,0.011572498298162015
"(400, 500]",450.0,0.010211027910142955
"(500, 600]",550.0,0.007998638529611982
"(600, 700]",650.0,0.007317903335602451
"(700, 800]",750.0,0.007147719537100068
"(800, 900]",850.0,0.004935330156569094
"(900, 1000]",950.0,0.01582709326072158
"(1000, 1100]",1050.0,0.0040844111640571815
"(1100, 1200]",1150.0,0.009530292716133424
"(1200, 1300]",1250.0,0.0040844111640571815
"(1300, 1400]",1350.0,0.011402314499659632
"(1400, 1500]",1450.0,0.005786249149081007
"(1500, 1600]",1550.0,0.006977535738597686
"(1600, 1700]",1650.0,0.0037440435670524166
"(1700, 1800]",1750.0,0.00663716814159292
"(1800, 1900]",1850.0,0.010211027910142955
"(1900, 2000]",1950.0,0.007488087134104833
"(2000, 2100]",2050.0,0.004254594962559565
"(2100, 2200]",2150.0,0.003573859768550034
"(2200, 2300]",2250.0,0.010891763104152484
"(2300, 2400]",2350.0,0.004424778761061947
"(2400, 2500]",2450.0,0.003914227365554799
"(2500, 2600]",2550.0,0.0059564329475833904
"(2600, 2700]",2650.0,0.002722940776038121
"(2700, 2800]",2750.0,0.00867937372362151
"(2800, 2900]",2850.0,0.0022123893805309734
"(2900, 3000]",2950.0,0.006466984343090538
"(3000, 3100]",3050.0,0.003914227365554799
"(3100, 3200]",3150.0,0.010040844111640572
"(3200, 3300]",3250.0,0.004424778761061947
"(3300, 3400]",3350.0,0.00527569775357386
"(3400, 3500]",3450.0,0.006126616746085773
"(3500, 3600]",3550.0,0.003233492171545269
"(3600, 3700]",3650.0,0.01123213070115725
"(3700, 3800]",3750.0,0.0020422055820285907
"(3800, 3900]",3850.0,0.003573859768550034
"(3900, 4000]",3950.0,0.006296800544588155
"(4000, 4100]",4050.0,0.006126616746085773
"(4100, 4200]",4150.0,0.005445881552076242
"(4200, 4300]",4250.0,0.0022123893805309734
"(4300, 4400]",4350.0,0.0051055139550714775
"(4400, 4500]",4450.0,0.003233492171545269
"(4500, 4600]",4550.0,0.01718856364874064
"(4600, 4700]",4650.0,0.0034036759700476512
"(4700, 4800]",4750.0,0.0034036759700476512
"(4800, 4900]",4850.0,0.0037440435670524166
"(4900, 5000]",4950.0,0.01123213070115725
"(5000, 5100]",5050.0,0.0025527569775357388
"(5100, 5200]",5150.0,0.003233492171545269
"(5200, 5300]",5250.0,0.0034036759700476512
"(5300, 5400]",5350.0,0.003573859768550034
"(5400, 5500]",5450.0,0.011912865895166781
"(5500, 5600]",5550.0,0.0025527569775357388
"(5600, 5700]",5650.0,0.0030633083730428863
"(5700, 5800]",5750.0,0.002722940776038121
"(5800, 5900]",5850.0,0.005616065350578625
"(5900, 6000]",5950.0,0.0051055139550714775
"(6000, 6100]",6050.0,0.002722940776038121
"(6100, 6200]",6150.0,0.0020422055820285907
"(6200, 6300]",6250.0,0.002722940776038121
"(6300, 6400]",6350.0,0.008339006126616746
"(6400, 6500]",6450.0,0.0034036759700476512
"(6500, 6600]",6550.0,0.003233492171545269
"(6600, 6700]",6650.0,0.0028931245745405037
"(6700, 6800]",6750.0,0.003233492171545269
"(6800, 6900]",6850.0,0.016848196051735875
"(6900, 7000]",6950.0,0.004765146358066712
"(7000, 7100]",7050.0,0.0020422055820285907
"(7100, 7200]",7150.0,0.0022123893805309734
"(7200, 7300]",7250.0,0.010211027910142955
"(7300, 7400]",7350.0,0.004765146358066712
"(7400, 7500]",7450.0,0.002382573179033356
"(7500, 7600]",7550.0,0.0017018379850238256
"(7600, 7700]",7650.0,0.003573859768550034
"(7700, 7800]",7750.0,0.00527569775357386
"(7800, 7900]",7850.0,0.0030633083730428863
"(7900, 8000]",7950.0,0.00527569775357386
"(8000, 8100]",8050.0,0.0018720217835262083
"(8100, 8200]",8150.0,0.007998638529611982
"(8200, 8300]",8250.0,0.0040844111640571815
"(8300, 8400]",8350.0,0.002722940776038121
"(8400, 8500]",8450.0,0.0034036759700476512
"(8500, 8600]",8550.0,0.0025527569775357388
"(8600, 8700]",8650.0,0.006296800544588155
"(8700, 8800]",8750.0,0.0034036759700476512
"(8800, 8900]",8850.0,0.0028931245745405037
"(8900, 9000]",8950.0,0.0037440435670524166
"(9000, 9100]",9050.0,0.022294077603812117
"(9100, 9200]",9150.0,0.0034036759700476512
"(9200, 9300]",9250.0,0.0028931245745405037
"(9300, 9400]",9350.0,0.003573859768550034
"(9400, 9500]",9450.0,0.002722940776038121
"(9500, 9600]",9550.0,0.004254594962559565
"(9600, 9700]",9650.0,0.0030633083730428863
"(9700, 9800]",9750.0,0.0040844111640571815
"(9800, 9900]",9850.0,0.002722940776038121
"(9900, 10000]",9950.0,0.01123213070115725
"(10000, 10100]",10050.0,0.0015316541865214432
"(10100, 10200]",10150.0,0.0015316541865214432
"(10200, 10300]",10250.0,0.002382573179033356
"(10300, 10400]",10350.0,0.0020422055820285907
"(10400, 10500]",10450.0,0.006466984343090538
"(10500, 10600]",10550.0,0.0018720217835262083
"(10600, 10700]",10650.0,0.004594962559564329
"(10700, 10800]",10750.0,0.0028931245745405037
"(10800, 10900]",10850.0,0.00663716814159292
"(10900, 11000]",10950.0,0.002382573179033356
"(11000, 11100]",11050.0,0.003573859768550034
"(11100, 11200]",11150.0,0.0015316541865214432
"(11200, 11300]",11250.0,0.0022123893805309734
"(11300, 11400]",11350.0,0.013614703880190605
"(11400, 11500]",11450.0,0.0028931245745405037
"(11500, 11600]",11550.0,0.0025527569775357388
"(11600, 11700]",11650.0,0.0013614703880190605
"(11700, 11800]",11750.0,0.007147719537100068
"(11800, 11900]",11850.0,0.0018720217835262083
"(11900, 12000]",11950.0,0.003914227365554799
"(12000, 12100]",12050.0,0.0022123893805309734
"(12100, 12200]",12150.0,0.0008509189925119128
"(12200, 12300]",12250.0,0.0051055139550714775
"(12300, 12400]",12350.0,0.0018720217835262083
"(12400, 12500]",12450.0,0.0018720217835262083
"(12500, 12600]",12550.0,0.0028931245745405037
"(12600, 12700]",12650.0,0.0018720217835262083
"(12700, 12800]",12750.0,0.007998638529611982
"(12800, 12900]",12850.0,0.0013614703880190605
"(12900, 13000]",12950.0,0.0037440435670524166
"(13000, 13100]",13050.0,0.0018720217835262083
"(13100, 13200]",13150.0,0.003914227365554799
"(13200, 13300]",13250.0,0.0015316541865214432
"(13300, 13400]",13350.0,0.0028931245745405037
"(13400, 13500]",13450.0,0.003233492171545269
"(13500, 13600]",13550.0,0.0013614703880190605
"(13600, 13700]",13650.0,0.015486725663716814
"(13700, 13800]",13750.0,0.0030633083730428863
"(13800, 13900]",13850.0,0.0030633083730428863
"(13900, 14000]",13950.0,0.0034036759700476512
"(14000, 14100]",14050.0,0.005786249149081007
"(14100, 14200]",14150.0,0.0008509189925119128
"(14200, 14300]",14250.0,0.0010211027910142954
"(14300, 14400]",14350.0,0.0025527569775357388
"(14400, 14500]",14450.0,0.0013614703880190605
"(14500, 14600]",14550.0,0.00867937372362151
"(14600, 14700]",14650.0,0.0022123893805309734
"(14700, 14800]",14750.0,0.002382573179033356
"(14800, 14900]",14850.0,0.0013614703880190605
"(14900, 15000]",14950.0,0.007317903335602451
"(15000, 15100]",15050.0,0.0020422055820285907
"(15100, 15200]",15150.0,0.002382573179033356
"(15200, 15300]",15250.0,0.0018720217835262083
"(15300, 15400]",15350.0,0.0020422055820285907
"(15400, 15500]",15450.0,0.006126616746085773
"(15500, 15600]",15550.0,0.0008509189925119128
"(15600, 15700]",15650.0,0.0017018379850238256
"(15700, 15800]",15750.0,0.002382573179033356
"(15800, 15900]",15850.0,0.011402314499659632
"(15900, 16000]",15950.0,0.0025527569775357388
"(16000, 16100]",16050.0,0.002382573179033356
"(16100, 16200]",16150.0,0.0018720217835262083
"(16200, 16300]",16250.0,0.0018720217835262083
"(16300, 16400]",16350.0,0.0040844111640571815
"(16400, 16500]",16450.0,0.002722940776038121
"(16500, 16600]",16550.0,0.0017018379850238256
"(16600, 16700]",16650.0,0.0017018379850238256
"(16700, 16800]",16750.0,0.004935330156569094
"(16800, 16900]",16850.0,0.0025527569775357388
"(16900, 17000]",16950.0,0.0018720217835262083
"(17000, 17100]",17050.0,0.0028931245745405037
"(17100, 17200]",17150.0,0.0006807351940095302
"(17200, 17300]",17250.0,0.006126616746085773
"(17300, 17400]",17350.0,0.0015316541865214432
"(17400, 17500]",17450.0,0.003233492171545269
"(17500, 17600]",17550.0,0.0018720217835262083
"(17600, 17700]",17650.0,0.0068073519400953025
"(17700, 17800]",17750.0,0.0022123893805309734
"(17800, 17900]",17850.0,0.0030633083730428863
"(17900, 18000]",17950.0,0.0034036759700476512
"(18000, 18100]",18050.0,0.0028931245745405037
"(18100, 18200]",18150.0,0.016167460857726343
"(18200, 18300]",18250.0,0.0028931245745405037
"(18300, 18400]",18350.0,0.0025527569775357388
"(18400, 18500]",18450.0,0.0030633083730428863
"(18500, 18600]",18550.0,0.006977535738597686
"(18600, 18700]",18650.0,0.002722940776038121
"(18700, 18800]",18750.0,0.003233492171545269
"(18800, 18900]",18850.0,0.003233492171545269
"(18900, 19000]",18950.0,0.00527569775357386
"(19000, 19100]",19050.0,0.012933968686181076
"(19100, 19200]",19150.0,0.0034036759700476512
"(19200, 19300]",19250.0,0.004765146358066712
"(19300, 19400]",19350.0,0.003233492171545269
"(19400, 19500]",19450.0,0.0028931245745405037
"(19500, 19600]",19550.0,0.010891763104152484
"(19600, 19700]",19650.0,0.0051055139550714775
"(19700, 19800]",19750.0,0.003914227365554799
"(19800, 19900]",19850.0,0.0030633083730428863
"(19900, 20000]",19950.0,0.01531654186521443
"(20000, 20100]",20050.0,0.0020422055820285907
"(20100, 20200]",20150.0,0.0034036759700476512
"(20200, 20300]",20250.0,0.0020422055820285907
"(20300, 20400]",20350.0,0.0020422055820285907
"(20400, 20500]",20450.0,0.00867937372362151
"(20500, 20600]",20550.0,0.0022123893805309734
"(20600, 20700]",20650.0,0.0013614703880190605
"(20700, 20800]",20750.0,0.0006807351940095302
"(20800, 20900]",20850.0,0.0028931245745405037
"(20900, 21000]",20950.0,0.003233492171545269
"(21000, 21100]",21050.0,0.001191286589516678
"(21100, 21200]",21150.0,0.0010211027910142954
"(21200, 21300]",21250.0,0.0003403675970047651
"(21300, 21400]",21350.0,0.0010211027910142954
"(21400, 21500]",21450.0,0.0018720217835262083
"(21500, 21600]",21550.0,0.00017018379850238256
"(21600, 21700]",21650.0,0.0010211027910142954
"(21700, 21800]",21750.0,0.0010211027910142954
"(21800, 21900]",21850.0,0.0013614703880190605
"(21900, 22000]",21950.0,0.0020422055820285907
"(22000, 22100]",22050.0,0.0003403675970047651
"(22100, 22200]",22150.0,0.0006807351940095302
"(22200, 22300]",22250.0,0.0005105513955071477
"(22300, 22400]",22350.0,0.0008509189925119128
"(22400, 22500]",22450.0,0.00017018379850238256
"(22500, 22600]",22550.0,0.00017018379850238256
"(22600, 22700]",22650.0,0.0005105513955071477
"(22700, 22800]",22750.0,0.00017018379850238256
"(22800, 22900]",22850.0,0.00017018379850238256
"(22900, 23000]",22950.0,0.0006807351940095302
"(23000, 23100]",23050.0,0.00017018379850238256
"(23100, 23200]",23150.0,0.0
"(23200, 23300]",23250.0,0.00017018379850238256
"(23300, 23400]",23350.0,0.00017018379850238256
"(23400, 23500]",23450.0,0.00017018379850238256
"(23500, 23600]",23550.0,0.00017018379850238256
"(23600, 23700]",23650.0,0.00017018379850238256
"(23700, 23800]",23750.0,0.00017018379850238256
"(23800, 23900]",23850.0,0.0
"(23900, 24000]",23950.0,0.0003403675970047651
"(24000, 24100]",24050.0,0.0
"(24100, 24200]",24150.0,0.00017018379850238256
"(24200, 24300]",24250.0,0.0
"(24300, 24400]",24350.0,0.0
"(24400, 24500]",24450.0,0.00017018379850238256
"(24500, 24600]",24550.0,0.0
"(24600, 24700]",24650.0,0.0
"(24700, 24800]",24750.0,0.0
"(24800, 24900]",24850.0,0.0
"(24900, 25000]",24950.0,0.0003403675970047651
"(25000, 25100]",25050.0,0.0
"(25100, 25200]",25150.0,0.0
"(25200, 25300]",25250.0,0.0
"(25300, 25400]",25350.0,0.0
"(25400, 25500]",25450.0,0.0003403675970047651
"(25500, 25600]",25550.0,0.0
"(25600, 25700]",25650.0,0.0
"(25700, 25800]",25750.0,0.0
"(25800, 25900]",25850.0,0.0
"(25900, 26000]",25950.0,0.0
"(26000, 26100]",26050.0,0.0
"(26100, 26200]",26150.0,0.0
"(26200, 26300]",26250.0,0.0
"(26300, 26400]",26350.0,0.0
"(26400, 26500]",26450.0,0.0
"(26500, 26600]",26550.0,0.0
"(26600, 26700]",26650.0,0.0
"(26700, 26800]",26750.0,0.00017018379850238256
"(26800, 26900]",26850.0,0.0
"(26900, 27000]",26950.0,0.0
"(27000, 27100]",27050.0,0.0
"(27100, 27200]",27150.0,0.0
"(27200, 27300]",27250.0,0.0
"(27300, 27400]",27350.0,0.0
"(27400, 27500]",27450.0,0.0
"(27500, 27600]",27550.0,0.0
"(27600, 27700]",27650.0,0.0
"(27700, 27800]",27750.0,0.0
"(27800, 27900]",27850.0,0.0
"(27900, 28000]",27950.0,0.00017018379850238256
"(28000, 28100]",28050.0,0.0
"(28100, 28200]",28150.0,0.0
"(28200, 28300]",28250.0,0.0
"(28300, 28400]",28350.0,0.0
"(28400, 28500]",28450.0,0.0
"(28500, 28600]",28550.0,0.0
"(28600, 28700]",28650.0,0.0
"(28700, 28800]",28750.0,0.0
"(28800, 28900]",28850.0,0.0
"(28900, 29000]",28950.0,0.0
"(29000, 29100]",29050.0,0.0
"(29100, 29200]",29150.0,0.0
"(29200, 29300]",29250.0,0.0
"(29300, 29400]",29350.0,0.0
"(29400, 29500]",29450.0,0.0
"(29500, 29600]",29550.0,0.0
"(29600, 29700]",29650.0,0.0
"(29700, 29800]",29750.0,0.0
"(29800, 29900]",29850.0,0.0
"(29900, 30000]",29950.0,0.0
"(30000, 30100]",30050.0,0.0
"(30100, 30200]",30150.0,0.0
"(30200, 30300]",30250.0,0.0
"(30300, 30400]",30350.0,0.0
"(30400, 30500]",30450.0,0.0
"(30500, 30600]",30550.0,0.0
"(30600, 30700]",30650.0,0.0
"(30700, 30800]",30750.0,0.0
"(30800, 30900]",30850.0,0.0
"(30900, 31000]",30950.0,0.0
"(31000, 31100]",31050.0,0.0
"(31100, 31200]",31150.0,0.0
"(31200, 31300]",31250.0,0.0
"(31300, 31400]",31350.0,0.0
"(31400, 31500]",31450.0,0.0
"(31500, 31600]",31550.0,0.0
"(31600, 31700]",31650.0,0.0
"(31700, 31800]",31750.0,0.0
"(31800, 31900]",31850.0,0.0
"(31900, 32000]",31950.0,0.0
"(32000, 32100]",32050.0,0.0
"(32100, 32200]",32150.0,0.0
"(32200, 32300]",32250.0,0.0
"(32300, 32400]",32350.0,0.0
"(32400, 32500]",32450.0,0.0
"(32500, 32600]",32550.0,0.0
"(32600, 32700]",32650.0,0.0
"(32700, 32800]",32750.0,0.0
"(32800, 32900]",32850.0,0.0
"(32900, 33000]",32950.0,0.0
"(33000, 33100]",33050.0,0.0
"(33100, 33200]",33150.0,0.0
"(33200, 33300]",33250.0,0.0
"(33300, 33400]",33350.0,0.0
"(33400, 33500]",33450.0,0.0
"(33500, 33600]",33550.0,0.0
"(33600, 33700]",33650.0,0.0
"(33700, 33800]",33750.0,0.0
"(33800, 33900]",33850.0,0.0
"(33900, 34000]",33950.0,0.0
"(34000, 34100]",34050.0,0.0
"(34100, 34200]",34150.0,0.0
"(34200, 34300]",34250.0,0.0
"(34300, 34400]",34350.0,0.0
"(34400, 34500]",34450.0,0.0
"(34500, 34600]",34550.0,0.0
"(34600, 34700]",34650.0,0.0
"(34700, 34800]",34750.0,0.0
"(34800, 34900]",34850.0,0.0
"(34900, 35000]",34950.0,0.0
"(35000, 35100]",35050.0,0.0
"(35100, 35200]",35150.0,0.0
"(35200, 35300]",35250.0,0.0
"(35300, 35400]",35350.0,0.0
"(35400, 35500]",35450.0,0.0
"(35500, 35600]",35550.0,0.0
"(35600, 35700]",35650.0,0.0
"(35700, 35800]",35750.0,0.0
"(35800, 35900]",35850.0,0.0
"(35900, 36000]",35950.0,0.0
"(36000, 36100]",36050.0,0.0
"(36100, 36200]",36150.0,0.0
