tech_veh,tech_supply,Bin,Powertrain,desired_range_km,eRoads_equipment_kg,eRoads_equipment_cost,charger_standard_kW,charger_fast_kW,avg_capacity_factor,notes,eRoads_length_km,eRoads_length_weighted_aadtt19,eRoads_max_aadtt,Year,Case,Purpose,RegCode,CurbWeight,VehicleCost,PayloadCapacity,kWh_per_km,Pack_Energy_kWh,H2_Mass_kg,Battery_kg,PayloadCapacityPenalty,CapacityToActivity_infra
T_HDV_T_LH_BEV_LRGBATT,T_HDV_T_LH_CHRG_LRGBATT,,BEV,1206.75,0,0,350.0,350.0,0.2,"desired range: 1.5x of Autonomie range (500 miles). Enough for 12h constant driving at 100 km/h.
avg_capacity_factor: Travel Center. Long-term utilization. (Bennett 2022)",,,,2023,Low,Longhaul,Sleeper,26055.151419348746,817170.3165807136,10232.208580651255,1.5194965794304802,2037.3916635863693,0.0,14105.019209444092,1.24,0.0110376
T_HDV_T_LH_BEV_LRGBATT,T_HDV_T_LH_CHRG_LRGBATT,,BEV,1206.75,0,0,350.0,350.0,0.2,"desired range: 1.5x of Autonomie range (500 miles). Enough for 12h constant driving at 100 km/h.
avg_capacity_factor: Travel Center. Long-term utilization. (Bennett 2022)",,,,2025,Low,Longhaul,Sleeper,23886.756398423386,636636.1740896408,12400.603601576615,1.4221766066410089,1906.9018000711528,0.0,12258.654429028838,1.13,0.0110376
T_HDV_T_LH_BEV_LRGBATT,T_HDV_T_LH_CHRG_LRGBATT,,BEV,1206.75,0,0,350.0,350.0,0.2,"desired range: 1.5x of Autonomie range (500 miles). Enough for 12h constant driving at 100 km/h.
avg_capacity_factor: Travel Center. Long-term utilization. (Bennett 2022)",,,,2030,Low,Longhaul,Sleeper,21336.847100212894,454936.73156247387,14950.512899787107,1.3194422559074725,1769.1521581292693,0.0,9951.48088947714,1.06,0.0110376
T_HDV_T_LH_BEV_LRGBATT,T_HDV_T_LH_CHRG_LRGBATT,,BEV,1206.75,0,0,350.0,350.0,0.2,"desired range: 1.5x of Autonomie range (500 miles). Enough for 12h constant driving at 100 km/h.
avg_capacity_factor: Travel Center. Long-term utilization. (Bennett 2022)",,,,2035,Low,Longhaul,Sleeper,19289.266036845787,362307.9902098473,16998.093963154213,1.251693116504816,1641.8268134154205,0.0,7949.898254432562,1.03,0.0110376
T_HDV_T_LH_BEV_LRGBATT,T_HDV_T_LH_CHRG_LRGBATT,,BEV,1206.75,0,0,350.0,350.0,0.2,"desired range: 1.5x of Autonomie range (500 miles). Enough for 12h constant driving at 100 km/h.
avg_capacity_factor: Travel Center. Long-term utilization. (Bennett 2022)",,,,2050,Low,Longhaul,Sleeper,16530.91638431771,236516.2086152279,19756.443615682292,1.1997335989356201,1540.189915442085,0.0,5362.142668576147,1.0,0.0110376
T_HDV_T_LH_BEV_FSTCHRG,T_HDV_T_LH_CHRG_FSTCHRG,,BEV,804.5,0,0,350.0,3000.0,0.08,"desired range: same as Autonomie range (500 miles). 
Megawatt charging system max power 3MW (Bennett 2022)
avg_capacity_factor: En Route, 3 MW charger. Long-term utilization. Average of low and high utilization (Bennett 2022)",,,,2023,Low,Longhaul,Sleeper,21353.478349534045,579474.5443871424,14933.881650465955,1.5194965794304802,1358.2611090575795,0.0,9403.346139629393,1.06,0.094608
T_HDV_T_LH_BEV_FSTCHRG,T_HDV_T_LH_CHRG_FSTCHRG,,BEV,804.5,0,0,350.0,3000.0,0.08,"desired range: same as Autonomie range (500 miles). 
Megawatt charging system max power 3MW (Bennett 2022)
avg_capacity_factor: En Route, 3 MW charger. Long-term utilization. Average of low and high utilization (Bennett 2022)",,,,2025,Low,Longhaul,Sleeper,19800.538255413772,458658.78272642713,16486.82174458623,1.4221766066410089,1271.2678667141017,0.0,8172.436286019224,1.03,0.094608
T_HDV_T_LH_BEV_FSTCHRG,T_HDV_T_LH_CHRG_FSTCHRG,,BEV,804.5,0,0,350.0,3000.0,0.08,"desired range: same as Autonomie range (500 miles). 
Megawatt charging system max power 3MW (Bennett 2022)
avg_capacity_factor: En Route, 3 MW charger. Long-term utilization. Average of low and high utilization (Bennett 2022)",,,,2030,Low,Longhaul,Sleeper,18019.686803720513,336993.1543749826,18267.673196279487,1.3194422559074725,1179.4347720861795,0.0,6634.320592984759,1.01,0.094608
T_HDV_T_LH_BEV_FSTCHRG,T_HDV_T_LH_CHRG_FSTCHRG,,BEV,804.5,0,0,350.0,3000.0,0.08,"desired range: same as Autonomie range (500 miles). 
Megawatt charging system max power 3MW (Bennett 2022)
avg_capacity_factor: En Route, 3 MW charger. Long-term utilization. Average of low and high utilization (Bennett 2022)",,,,2035,Low,Longhaul,Sleeper,16639.299952034933,274743.9934732315,19648.060047965067,1.251693116504816,1094.5512089436136,0.0,5299.9321696217075,1.0,0.094608
T_HDV_T_LH_BEV_FSTCHRG,T_HDV_T_LH_CHRG_FSTCHRG,,BEV,804.5,0,0,350.0,3000.0,0.08,"desired range: same as Autonomie range (500 miles). 
Megawatt charging system max power 3MW (Bennett 2022)
avg_capacity_factor: En Route, 3 MW charger. Long-term utilization. Average of low and high utilization (Bennett 2022)",,,,2050,Low,Longhaul,Sleeper,14743.535494792324,190310.4724101519,21543.824505207675,1.1997335989356201,1026.79327696139,0.0,3574.7617790507643,1.0,0.094608
T_HDV_T_LH_BEV_ERDS1,T_HDV_T_LH_CHRG_ERDS1,1.0,BEV,402.25,100,7500,,,0.37689158693778396,"desired range: 0.5x of Autonomie range (500 miles). eRoads onboard equipment weight: 100 kg (Yeow et al 2024), cost: 2020 US$7,500 (Yeow et al 2024)",838.85,15832.63575132622,42000.0,2023,Low,Longhaul,Sleeper,16751.80527971935,349278.7721935712,19535.554720280652,1.5194965794304802,679.1305545287897,0.0,4701.673069814697,1.0,0.08385797722560935
T_HDV_T_LH_BEV_ERDS1,T_HDV_T_LH_CHRG_ERDS1,1.0,BEV,402.25,100,7500,,,0.37689158693778396,"desired range: 0.5x of Autonomie range (500 miles). eRoads onboard equipment weight: 100 kg (Yeow et al 2024), cost: 2020 US$7,500 (Yeow et al 2024)",838.85,15832.63575132622,42000.0,2025,Low,Longhaul,Sleeper,15814.32011240416,288181.39136321354,20473.03988759584,1.4221766066410089,635.6339333570509,0.0,4086.218143009612,1.0,0.078487082567304
T_HDV_T_LH_BEV_ERDS1,T_HDV_T_LH_CHRG_ERDS1,1.0,BEV,402.25,100,7500,,,0.37689158693778396,"desired range: 0.5x of Autonomie range (500 miles). eRoads onboard equipment weight: 100 kg (Yeow et al 2024), cost: 2020 US$7,500 (Yeow et al 2024)",838.85,15832.63575132622,42000.0,2030,Low,Longhaul,Sleeper,14802.526507228136,226549.5771874913,21484.833492771864,1.3194422559074725,589.7173860430897,0.0,3317.1602964923795,1.0,0.0728173792190216
T_HDV_T_LH_BEV_ERDS1,T_HDV_T_LH_CHRG_ERDS1,1.0,BEV,402.25,100,7500,,,0.37689158693778396,"desired range: 0.5x of Autonomie range (500 miles). eRoads onboard equipment weight: 100 kg (Yeow et al 2024), cost: 2020 US$7,500 (Yeow et al 2024)",838.85,15832.63575132622,42000.0,2035,Low,Longhaul,Sleeper,14089.33386722408,194679.99673661575,22198.02613277592,1.251693116504816,547.2756044718068,0.0,2649.9660848108538,1.0,0.06907843971366778
T_HDV_T_LH_BEV_ERDS1,T_HDV_T_LH_CHRG_ERDS1,1.0,BEV,402.25,100,7500,,,0.37689158693778396,"desired range: 0.5x of Autonomie range (500 miles). eRoads onboard equipment weight: 100 kg (Yeow et al 2024), cost: 2020 US$7,500 (Yeow et al 2024)",838.85,15832.63575132622,42000.0,2050,Low,Longhaul,Sleeper,13056.154605266942,151604.73620507595,23231.205394733057,1.1997335989356201,513.396638480695,0.0,1787.3808895253821,1.0,0.066210897858059
T_HDV_T_LH_BEV_ERDS2,T_HDV_T_LH_CHRG_ERDS2,2.0,BEV,402.25,100,7500,,,0.13977148142226653,"desired range: 0.5x of Autonomie range (500 miles). eRoads onboard equipment weight: 100 kg (Yeow et al 2024), cost: 2020 US$7,500 (Yeow et al 2024)",838.87,5871.44491995184,42000.0,2023,Low,Longhaul,Sleeper,16751.80527971935,349278.7721935712,19535.554720280652,1.5194965794304802,679.1305545287897,0.0,4701.673069814697,1.0,0.08385797722560935
T_HDV_T_LH_BEV_ERDS2,T_HDV_T_LH_CHRG_ERDS2,2.0,BEV,402.25,100,7500,,,0.13977148142226653,"desired range: 0.5x of Autonomie range (500 miles). eRoads onboard equipment weight: 100 kg (Yeow et al 2024), cost: 2020 US$7,500 (Yeow et al 2024)",838.87,5871.44491995184,42000.0,2025,Low,Longhaul,Sleeper,15814.32011240416,288181.39136321354,20473.03988759584,1.4221766066410089,635.6339333570509,0.0,4086.218143009612,1.0,0.078487082567304
T_HDV_T_LH_BEV_ERDS2,T_HDV_T_LH_CHRG_ERDS2,2.0,BEV,402.25,100,7500,,,0.13977148142226653,"desired range: 0.5x of Autonomie range (500 miles). eRoads onboard equipment weight: 100 kg (Yeow et al 2024), cost: 2020 US$7,500 (Yeow et al 2024)",838.87,5871.44491995184,42000.0,2030,Low,Longhaul,Sleeper,14802.526507228136,226549.5771874913,21484.833492771864,1.3194422559074725,589.7173860430897,0.0,3317.1602964923795,1.0,0.0728173792190216
T_HDV_T_LH_BEV_ERDS2,T_HDV_T_LH_CHRG_ERDS2,2.0,BEV,402.25,100,7500,,,0.13977148142226653,"desired range: 0.5x of Autonomie range (500 miles). eRoads onboard equipment weight: 100 kg (Yeow et al 2024), cost: 2020 US$7,500 (Yeow et al 2024)",838.87,5871.44491995184,42000.0,2035,Low,Longhaul,Sleeper,14089.33386722408,194679.99673661575,22198.02613277592,1.251693116504816,547.2756044718068,0.0,2649.9660848108538,1.0,0.06907843971366778
T_HDV_T_LH_BEV_ERDS2,T_HDV_T_LH_CHRG_ERDS2,2.0,BEV,402.25,100,7500,,,0.13977148142226653,"desired range: 0.5x of Autonomie range (500 miles). eRoads onboard equipment weight: 100 kg (Yeow et al 2024), cost: 2020 US$7,500 (Yeow et al 2024)",838.87,5871.44491995184,42000.0,2050,Low,Longhaul,Sleeper,13056.154605266942,151604.73620507595,23231.205394733057,1.1997335989356201,513.396638480695,0.0,1787.3808895253821,1.0,0.066210897858059
T_HDV_T_LH_BEV_ERDS3,T_HDV_T_LH_CHRG_ERDS3,3.0,BEV,402.25,100,7500,,,0.03712902277011077,"desired range: 0.5x of Autonomie range (500 miles). eRoads onboard equipment weight: 100 kg (Yeow et al 2024), cost: 2020 US$7,500 (Yeow et al 2024)",2499.47,1570.391482994395,42000.0,2023,Low,Longhaul,Sleeper,16751.80527971935,349278.7721935712,19535.554720280652,1.5194965794304802,679.1305545287897,0.0,4701.673069814697,1.0,0.08385797722560935
T_HDV_T_LH_BEV_ERDS3,T_HDV_T_LH_CHRG_ERDS3,3.0,BEV,402.25,100,7500,,,0.03712902277011077,"desired range: 0.5x of Autonomie range (500 miles). eRoads onboard equipment weight: 100 kg (Yeow et al 2024), cost: 2020 US$7,500 (Yeow et al 2024)",2499.47,1570.391482994395,42000.0,2025,Low,Longhaul,Sleeper,15814.32011240416,288181.39136321354,20473.03988759584,1.4221766066410089,635.6339333570509,0.0,4086.218143009612,1.0,0.078487082567304
T_HDV_T_LH_BEV_ERDS3,T_HDV_T_LH_CHRG_ERDS3,3.0,BEV,402.25,100,7500,,,0.03712902277011077,"desired range: 0.5x of Autonomie range (500 miles). eRoads onboard equipment weight: 100 kg (Yeow et al 2024), cost: 2020 US$7,500 (Yeow et al 2024)",2499.47,1570.391482994395,42000.0,2030,Low,Longhaul,Sleeper,14802.526507228136,226549.5771874913,21484.833492771864,1.3194422559074725,589.7173860430897,0.0,3317.1602964923795,1.0,0.0728173792190216
T_HDV_T_LH_BEV_ERDS3,T_HDV_T_LH_CHRG_ERDS3,3.0,BEV,402.25,100,7500,,,0.03712902277011077,"desired range: 0.5x of Autonomie range (500 miles). eRoads onboard equipment weight: 100 kg (Yeow et al 2024), cost: 2020 US$7,500 (Yeow et al 2024)",2499.47,1570.391482994395,42000.0,2035,Low,Longhaul,Sleeper,14089.33386722408,194679.99673661575,22198.02613277592,1.251693116504816,547.2756044718068,0.0,2649.9660848108538,1.0,0.06907843971366778
T_HDV_T_LH_BEV_ERDS3,T_HDV_T_LH_CHRG_ERDS3,3.0,BEV,402.25,100,7500,,,0.03712902277011077,"desired range: 0.5x of Autonomie range (500 miles). eRoads onboard equipment weight: 100 kg (Yeow et al 2024), cost: 2020 US$7,500 (Yeow et al 2024)",2499.47,1570.391482994395,42000.0,2050,Low,Longhaul,Sleeper,13056.154605266942,151604.73620507595,23231.205394733057,1.1997335989356201,513.396638480695,0.0,1787.3808895253821,1.0,0.066210897858059
T_HDV_T_LH_BEV_ERDS4,T_HDV_T_LH_CHRG_ERDS4,4.0,BEV,402.25,100,7500,,,0.014141310381812695,"desired range: 0.5x of Autonomie range (500 miles). eRoads onboard equipment weight: 100 kg (Yeow et al 2024), cost: 2020 US$7,500 (Yeow et al 2024)",4176.97,596.5122804329453,42000.0,2023,Low,Longhaul,Sleeper,16751.80527971935,349278.7721935712,19535.554720280652,1.5194965794304802,679.1305545287897,0.0,4701.673069814697,1.0,0.08385797722560935
T_HDV_T_LH_BEV_ERDS4,T_HDV_T_LH_CHRG_ERDS4,4.0,BEV,402.25,100,7500,,,0.014141310381812695,"desired range: 0.5x of Autonomie range (500 miles). eRoads onboard equipment weight: 100 kg (Yeow et al 2024), cost: 2020 US$7,500 (Yeow et al 2024)",4176.97,596.5122804329453,42000.0,2025,Low,Longhaul,Sleeper,15814.32011240416,288181.39136321354,20473.03988759584,1.4221766066410089,635.6339333570509,0.0,4086.218143009612,1.0,0.078487082567304
T_HDV_T_LH_BEV_ERDS4,T_HDV_T_LH_CHRG_ERDS4,4.0,BEV,402.25,100,7500,,,0.014141310381812695,"desired range: 0.5x of Autonomie range (500 miles). eRoads onboard equipment weight: 100 kg (Yeow et al 2024), cost: 2020 US$7,500 (Yeow et al 2024)",4176.97,596.5122804329453,42000.0,2030,Low,Longhaul,Sleeper,14802.526507228136,226549.5771874913,21484.833492771864,1.3194422559074725,589.7173860430897,0.0,3317.1602964923795,1.0,0.0728173792190216
T_HDV_T_LH_BEV_ERDS4,T_HDV_T_LH_CHRG_ERDS4,4.0,BEV,402.25,100,7500,,,0.014141310381812695,"desired range: 0.5x of Autonomie range (500 miles). eRoads onboard equipment weight: 100 kg (Yeow et al 2024), cost: 2020 US$7,500 (Yeow et al 2024)",4176.97,596.5122804329453,42000.0,2035,Low,Longhaul,Sleeper,14089.33386722408,194679.99673661575,22198.02613277592,1.251693116504816,547.2756044718068,0.0,2649.9660848108538,1.0,0.06907843971366778
T_HDV_T_LH_BEV_ERDS4,T_HDV_T_LH_CHRG_ERDS4,4.0,BEV,402.25,100,7500,,,0.014141310381812695,"desired range: 0.5x of Autonomie range (500 miles). eRoads onboard equipment weight: 100 kg (Yeow et al 2024), cost: 2020 US$7,500 (Yeow et al 2024)",4176.97,596.5122804329453,42000.0,2050,Low,Longhaul,Sleeper,13056.154605266942,151604.73620507595,23231.205394733057,1.1997335989356201,513.396638480695,0.0,1787.3808895253821,1.0,0.066210897858059
T_HDV_T_LH_BEV_ERDS5,T_HDV_T_LH_CHRG_ERDS5,5.0,BEV,402.25,100,7500,,,0.0020924995795827115,"desired range: 0.5x of Autonomie range (500 miles). eRoads onboard equipment weight: 100 kg (Yeow et al 2024), cost: 2020 US$7,500 (Yeow et al 2024)",8426.22,87.50919154733677,42000.0,2023,Low,Longhaul,Sleeper,16751.80527971935,349278.7721935712,19535.554720280652,1.5194965794304802,679.1305545287897,0.0,4701.673069814697,1.0,0.08385797722560935
T_HDV_T_LH_BEV_ERDS5,T_HDV_T_LH_CHRG_ERDS5,5.0,BEV,402.25,100,7500,,,0.0020924995795827115,"desired range: 0.5x of Autonomie range (500 miles). eRoads onboard equipment weight: 100 kg (Yeow et al 2024), cost: 2020 US$7,500 (Yeow et al 2024)",8426.22,87.50919154733677,42000.0,2025,Low,Longhaul,Sleeper,15814.32011240416,288181.39136321354,20473.03988759584,1.4221766066410089,635.6339333570509,0.0,4086.218143009612,1.0,0.078487082567304
T_HDV_T_LH_BEV_ERDS5,T_HDV_T_LH_CHRG_ERDS5,5.0,BEV,402.25,100,7500,,,0.0020924995795827115,"desired range: 0.5x of Autonomie range (500 miles). eRoads onboard equipment weight: 100 kg (Yeow et al 2024), cost: 2020 US$7,500 (Yeow et al 2024)",8426.22,87.50919154733677,42000.0,2030,Low,Longhaul,Sleeper,14802.526507228136,226549.5771874913,21484.833492771864,1.3194422559074725,589.7173860430897,0.0,3317.1602964923795,1.0,0.0728173792190216
T_HDV_T_LH_BEV_ERDS5,T_HDV_T_LH_CHRG_ERDS5,5.0,BEV,402.25,100,7500,,,0.0020924995795827115,"desired range: 0.5x of Autonomie range (500 miles). eRoads onboard equipment weight: 100 kg (Yeow et al 2024), cost: 2020 US$7,500 (Yeow et al 2024)",8426.22,87.50919154733677,42000.0,2035,Low,Longhaul,Sleeper,14089.33386722408,194679.99673661575,22198.02613277592,1.251693116504816,547.2756044718068,0.0,2649.9660848108538,1.0,0.06907843971366778
T_HDV_T_LH_BEV_ERDS5,T_HDV_T_LH_CHRG_ERDS5,5.0,BEV,402.25,100,7500,,,0.0020924995795827115,"desired range: 0.5x of Autonomie range (500 miles). eRoads onboard equipment weight: 100 kg (Yeow et al 2024), cost: 2020 US$7,500 (Yeow et al 2024)",8426.22,87.50919154733677,42000.0,2050,Low,Longhaul,Sleeper,13056.154605266942,151604.73620507595,23231.205394733057,1.1997335989356201,513.396638480695,0.0,1787.3808895253821,1.0,0.066210897858059
T_HDV_T_LH_FCEV,T_H2_HDV_T_LH_REFUEL,,FCEV,804.5,0,0,26400.0,26400.0,0.5,"desired range: same as Autonomie range (500 miles). 
Fill rate: Demonstrated 13.2 kgH2/min average (https://www.nrel.gov/news/detail/program/2022/fast-flow-future-heavy-duty-hydrogen-trucks). LHV 120MJ/kgH2. 
avg_capacity_factor: 50% from IEA Future of Hydrogen Report Assumptions Annex - Distribution https://iea.blob.core.windows.net/assets/29b027e5-fefc-47df-aed0-456b1bb38844/IEA-The-Future-of-Hydrogen-Assumptions-Annex_CORR.pdf",,,,2023,Low,Longhaul,Sleeper,14889.026607904814,326090.2950077395,21398.333392095185,2.938666682843399,17.962560000000003,83.78609504999285,123.43898372369983,1.0,
T_HDV_T_LH_FCEV,T_H2_HDV_T_LH_REFUEL,,FCEV,804.5,0,0,26400.0,26400.0,0.5,"desired range: same as Autonomie range (500 miles). 
Fill rate: Demonstrated 13.2 kgH2/min average (https://www.nrel.gov/news/detail/program/2022/fast-flow-future-heavy-duty-hydrogen-trucks). LHV 120MJ/kgH2. 
avg_capacity_factor: 50% from IEA Future of Hydrogen Report Assumptions Annex - Distribution https://iea.blob.core.windows.net/assets/29b027e5-fefc-47df-aed0-456b1bb38844/IEA-The-Future-of-Hydrogen-Assumptions-Annex_CORR.pdf",,,,2025,Low,Longhaul,Sleeper,14234.848846316827,276845.43026675907,22052.511153683176,2.580527034665365,17.962560000000003,74.35548784401219,113.15240174672485,1.0,
T_HDV_T_LH_FCEV,T_H2_HDV_T_LH_REFUEL,,FCEV,804.5,0,0,26400.0,26400.0,0.5,"desired range: same as Autonomie range (500 miles). 
Fill rate: Demonstrated 13.2 kgH2/min average (https://www.nrel.gov/news/detail/program/2022/fast-flow-future-heavy-duty-hydrogen-trucks). LHV 120MJ/kgH2. 
avg_capacity_factor: 50% from IEA Future of Hydrogen Report Assumptions Annex - Distribution https://iea.blob.core.windows.net/assets/29b027e5-fefc-47df-aed0-456b1bb38844/IEA-The-Future-of-Hydrogen-Assumptions-Annex_CORR.pdf",,,,2030,Low,Longhaul,Sleeper,13695.417741250667,240462.18032504097,22591.94225874933,2.291819045501414,16.632,66.45195794931524,78.57805676855892,1.0,
T_HDV_T_LH_FCEV,T_H2_HDV_T_LH_REFUEL,,FCEV,804.5,0,0,26400.0,26400.0,0.5,"desired range: same as Autonomie range (500 miles). 
Fill rate: Demonstrated 13.2 kgH2/min average (https://www.nrel.gov/news/detail/program/2022/fast-flow-future-heavy-duty-hydrogen-trucks). LHV 120MJ/kgH2. 
avg_capacity_factor: 50% from IEA Future of Hydrogen Report Assumptions Annex - Distribution https://iea.blob.core.windows.net/assets/29b027e5-fefc-47df-aed0-456b1bb38844/IEA-The-Future-of-Hydrogen-Assumptions-Annex_CORR.pdf",,,,2035,Low,Longhaul,Sleeper,13445.730291117432,217235.42334330775,22841.629708882567,2.052065079505181,16.632,59.75887227405736,69.84716157205237,1.0,
T_HDV_T_LH_FCEV,T_H2_HDV_T_LH_REFUEL,,FCEV,804.5,0,0,26400.0,26400.0,0.5,"desired range: same as Autonomie range (500 miles). 
Fill rate: Demonstrated 13.2 kgH2/min average (https://www.nrel.gov/news/detail/program/2022/fast-flow-future-heavy-duty-hydrogen-trucks). LHV 120MJ/kgH2. 
avg_capacity_factor: 50% from IEA Future of Hydrogen Report Assumptions Annex - Distribution https://iea.blob.core.windows.net/assets/29b027e5-fefc-47df-aed0-456b1bb38844/IEA-The-Future-of-Hydrogen-Assumptions-Annex_CORR.pdf",,,,2050,Low,Longhaul,Sleeper,12998.374561158675,180532.6542445373,23288.985438841326,1.7599784325846735,16.1568,51.4129358648632,61.0663755458515,1.0,
