region,road_class,tech,vintage,capacity,units
AB,inter_city_buses,T_HDV_BIC_DSL_EX,2015,0.4323494796780274,k vehicles
AB,inter_city_buses,T_HDV_BIC_DSL_EX,2020,0.23349592344291176,k vehicles
AB,inter_city_buses,T_HDV_BIC_GSL_EX,2015,0.04692065436085117,k vehicles
AB,inter_city_buses,T_HDV_BIC_GSL_EX,2020,0.03623394251820874,k vehicles
AB,school_buses,T_HDV_BS_CNG_EX,2010,0.11152508646517885,k vehicles
AB,school_buses,T_HDV_BS_CNG_EX,2015,0.8571929488101937,k vehicles
AB,school_buses,T_HDV_BS_CNG_EX,2020,0.802802299635637,k vehicles
AB,school_buses,T_HDV_BS_DSL_EX,2015,3.7467998541867855,k vehicles
AB,school_buses,T_HDV_BS_DSL_EX,2020,1.3660206670658466,k vehicles
AB,school_buses,T_HDV_BS_GSL_EX,2015,0.297738643081791,k vehicles
AB,school_buses,T_HDV_BS_GSL_EX,2020,0.16192050075455794,k vehicles
AB,urban_transit,T_HDV_BT_BEV_EX,2010,0.23792798370507978,k vehicles
AB,urban_transit,T_HDV_BT_BEV_EX,2015,0.3056733914726911,k vehicles
AB,urban_transit,T_HDV_BT_BEV_EX,2020,0.217330282857368,k vehicles
AB,urban_transit,T_HDV_BT_CNG_EX,2010,0.07415810071399766,k vehicles
AB,urban_transit,T_HDV_BT_CNG_EX,2015,0.14084851393799383,k vehicles
AB,urban_transit,T_HDV_BT_CNG_EX,2020,0.05184479567466755,k vehicles
AB,urban_transit,T_HDV_BT_DSL_EX,2015,1.9589048726802738,k vehicles
AB,urban_transit,T_HDV_BT_DSL_EX,2020,1.102357507719788,k vehicles
AB,urban_transit,T_HDV_BT_GSL_EX,2015,0.0196738139474494,k vehicles
AB,urban_transit,T_HDV_BT_GSL_EX,2020,0.01828073729068507,k vehicles
BCT,inter_city_buses,T_HDV_BIC_DSL_EX,2015,0.21398619381207207,k vehicles
BCT,inter_city_buses,T_HDV_BIC_DSL_EX,2020,0.11648720103102785,k vehicles
BCT,inter_city_buses,T_HDV_BIC_GSL_EX,2015,0.01991446958007214,k vehicles
BCT,inter_city_buses,T_HDV_BIC_GSL_EX,2020,0.015612135576827533,k vehicles
BCT,school_buses,T_HDV_BS_CNG_EX,2015,0.252773979633155,k vehicles
BCT,school_buses,T_HDV_BS_CNG_EX,2020,0.34633453131129677,k vehicles
BCT,school_buses,T_HDV_BS_DSL_EX,2015,2.0277514727907846,k vehicles
BCT,school_buses,T_HDV_BS_DSL_EX,2020,0.734302684547832,k vehicles
BCT,school_buses,T_HDV_BS_GSL_EX,2015,0.1495933893419293,k vehicles
BCT,school_buses,T_HDV_BS_GSL_EX,2020,0.0802439423749979,k vehicles
BCT,urban_transit,T_HDV_BT_BEV_EX,2015,0.4044637731662476,k vehicles
BCT,urban_transit,T_HDV_BT_BEV_EX,2020,0.32119024965307785,k vehicles
BCT,urban_transit,T_HDV_BT_CNG_EX,2015,0.038887917738850065,k vehicles
BCT,urban_transit,T_HDV_BT_CNG_EX,2020,0.018319932768587534,k vehicles
BCT,urban_transit,T_HDV_BT_DSL_EX,2015,0.8446009961367995,k vehicles
BCT,urban_transit,T_HDV_BT_DSL_EX,2020,0.37836969401167975,k vehicles
BCT,urban_transit,T_HDV_BT_GSL_EX,2015,0.006904266701569678,k vehicles
BCT,urban_transit,T_HDV_BT_GSL_EX,2020,0.005263169823185206,k vehicles
MB,inter_city_buses,T_HDV_BIC_DSL_EX,2010,0.07758439641370994,k vehicles
MB,inter_city_buses,T_HDV_BIC_DSL_EX,2015,0.06101044321463049,k vehicles
MB,inter_city_buses,T_HDV_BIC_DSL_EX,2020,0.028303641506291593,k vehicles
MB,inter_city_buses,T_HDV_BIC_GSL_EX,2010,0.007887673386651976,k vehicles
MB,inter_city_buses,T_HDV_BIC_GSL_EX,2015,0.02370450173864117,k vehicles
MB,inter_city_buses,T_HDV_BIC_GSL_EX,2020,0.019509343740074528,k vehicles
MB,school_buses,T_HDV_BS_DSL_EX,2010,0.7301948074706662,k vehicles
MB,school_buses,T_HDV_BS_DSL_EX,2015,0.6429405768711821,k vehicles
MB,school_buses,T_HDV_BS_DSL_EX,2020,0.3067815364740502,k vehicles
MB,school_buses,T_HDV_BS_GSL_EX,2010,0.10084059111172612,k vehicles
MB,school_buses,T_HDV_BS_GSL_EX,2015,0.19340708754128566,k vehicles
MB,school_buses,T_HDV_BS_GSL_EX,2020,0.16683540053108692,k vehicles
MB,urban_transit,T_HDV_BT_DSL_EX,2010,0.4576959633648541,k vehicles
MB,urban_transit,T_HDV_BT_DSL_EX,2015,0.453109014830812,k vehicles
MB,urban_transit,T_HDV_BT_DSL_EX,2020,0.25052590033386457,k vehicles
MB,urban_transit,T_HDV_BT_GSL_EX,2010,0.004483129606124929,k vehicles
MB,urban_transit,T_HDV_BT_GSL_EX,2015,0.017718113667176807,k vehicles
MB,urban_transit,T_HDV_BT_GSL_EX,2020,0.019467878197165875,k vehicles
NB,inter_city_buses,T_HDV_BIC_DSL_EX,2010,0.03705041483123253,k vehicles
NB,inter_city_buses,T_HDV_BIC_DSL_EX,2015,0.03412705151981555,k vehicles
NB,inter_city_buses,T_HDV_BIC_DSL_EX,2020,0.018474408354544274,k vehicles
NB,inter_city_buses,T_HDV_BIC_GSL_EX,2010,0.0011873382723593885,k vehicles
NB,inter_city_buses,T_HDV_BIC_GSL_EX,2015,0.0045133775435811235,k vehicles
NB,inter_city_buses,T_HDV_BIC_GSL_EX,2020,0.003647409478467011,k vehicles
NB,school_buses,T_HDV_BS_CNG_EX,2020,0.0018695232017960264,k vehicles
NB,school_buses,T_HDV_BS_DSL_EX,2010,0.35625949095762277,k vehicles
NB,school_buses,T_HDV_BS_DSL_EX,2015,0.34218556661893995,k vehicles
NB,school_buses,T_HDV_BS_DSL_EX,2020,0.18578710066584211,k vehicles
NB,school_buses,T_HDV_BS_GSL_EX,2010,0.015433683706717057,k vehicles
NB,school_buses,T_HDV_BS_GSL_EX,2015,0.034813558405712514,k vehicles
NB,school_buses,T_HDV_BS_GSL_EX,2020,0.028825444176534744,k vehicles
NB,urban_transit,T_HDV_BT_DSL_EX,2010,0.2073979149887037,k vehicles
NB,urban_transit,T_HDV_BT_DSL_EX,2015,0.20980291410567392,k vehicles
NB,urban_transit,T_HDV_BT_DSL_EX,2020,0.11970518086384305,k vehicles
NB,urban_transit,T_HDV_BT_GSL_EX,2015,0.0026453051978349894,k vehicles
NB,urban_transit,T_HDV_BT_GSL_EX,2020,0.0025904785196914537,k vehicles
NLLAB,inter_city_buses,T_HDV_BIC_DSL_EX,2005,0.006371667409413716,k vehicles
NLLAB,inter_city_buses,T_HDV_BIC_DSL_EX,2010,0.018686093143172024,k vehicles
NLLAB,inter_city_buses,T_HDV_BIC_DSL_EX,2015,0.017870756326231748,k vehicles
NLLAB,inter_city_buses,T_HDV_BIC_DSL_EX,2020,0.00982599490977305,k vehicles
NLLAB,inter_city_buses,T_HDV_BIC_GSL_EX,2015,0.0019088923662882126,k vehicles
NLLAB,inter_city_buses,T_HDV_BIC_GSL_EX,2020,0.00156310367201749,k vehicles
NLLAB,school_buses,T_HDV_BS_DSL_EX,2005,0.06177586201632611,k vehicles
NLLAB,school_buses,T_HDV_BS_DSL_EX,2010,0.1793554665372599,k vehicles
NLLAB,school_buses,T_HDV_BS_DSL_EX,2015,0.17717536717248308,k vehicles
NLLAB,school_buses,T_HDV_BS_DSL_EX,2020,0.09857939643723564,k vehicles
NLLAB,school_buses,T_HDV_BS_GSL_EX,2005,0.0010331101301910498,k vehicles
NLLAB,school_buses,T_HDV_BS_GSL_EX,2010,0.00876296349375215,k vehicles
NLLAB,school_buses,T_HDV_BS_GSL_EX,2015,0.015129231995647682,k vehicles
NLLAB,school_buses,T_HDV_BS_GSL_EX,2020,0.012188602217103769,k vehicles
NLLAB,urban_transit,T_HDV_BT_DSL_EX,2005,0.035205877062954194,k vehicles
NLLAB,urban_transit,T_HDV_BT_DSL_EX,2010,0.10505652876574287,k vehicles
NLLAB,urban_transit,T_HDV_BT_DSL_EX,2015,0.10606773584501712,k vehicles
NLLAB,urban_transit,T_HDV_BT_DSL_EX,2020,0.06066934665594484,k vehicles
NLLAB,urban_transit,T_HDV_BT_GSL_EX,2015,0.0010819235739460591,k vehicles
NLLAB,urban_transit,T_HDV_BT_GSL_EX,2020,0.0010683507414041308,k vehicles
NS,inter_city_buses,T_HDV_BIC_DSL_EX,2020,0.12020287127037924,k vehicles
NS,inter_city_buses,T_HDV_BIC_GSL_EX,2020,0.016797128729620595,k vehicles
NS,school_buses,T_HDV_BS_CNG_EX,2015,0.17274952879986258,k vehicles
NS,school_buses,T_HDV_BS_CNG_EX,2020,0.1503774021089423,k vehicles
NS,school_buses,T_HDV_BS_DSL_EX,2020,0.9240652679363018,k vehicles
NS,school_buses,T_HDV_BS_GSL_EX,2020,0.0928078011548916,k vehicles
NS,urban_transit,T_HDV_BT_CNG_EX,2015,0.042466973216822614,k vehicles
NS,urban_transit,T_HDV_BT_CNG_EX,2020,0.014718534070339705,k vehicles
NS,urban_transit,T_HDV_BT_DSL_EX,2020,0.6858899135961887,k vehicles
NS,urban_transit,T_HDV_BT_GSL_EX,2020,0.009924579116648014,k vehicles
ON,inter_city_buses,T_HDV_BIC_DSL_EX,2015,0.6988251126211575,k vehicles
ON,inter_city_buses,T_HDV_BIC_DSL_EX,2020,0.3802570584612579,k vehicles
ON,inter_city_buses,T_HDV_BIC_GSL_EX,2015,0.08501322107971314,k vehicles
ON,inter_city_buses,T_HDV_BIC_GSL_EX,2020,0.06290460783786998,k vehicles
ON,school_buses,T_HDV_BS_CNG_EX,2020,0.9806224158753989,k vehicles
ON,school_buses,T_HDV_BS_DSL_EX,2015,6.671418365847673,k vehicles
ON,school_buses,T_HDV_BS_DSL_EX,2020,3.209248521710502,k vehicles
ON,school_buses,T_HDV_BS_GSL_EX,2015,0.698274011206387,k vehicles
ON,school_buses,T_HDV_BS_GSL_EX,2020,0.45943668536002213,k vehicles
ON,urban_transit,T_HDV_BT_BEV_EX,2015,1.1506560650257915,k vehicles
ON,urban_transit,T_HDV_BT_BEV_EX,2020,0.8502820506193818,k vehicles
ON,urban_transit,T_HDV_BT_CNG_EX,2020,0.12315948347990972,k vehicles
ON,urban_transit,T_HDV_BT_DSL_EX,2015,3.0386272272645978,k vehicles
ON,urban_transit,T_HDV_BT_DSL_EX,2020,1.5304134887282852,k vehicles
ON,urban_transit,T_HDV_BT_GSL_EX,2015,0.03397736311575494,k vehicles
ON,urban_transit,T_HDV_BT_GSL_EX,2020,0.026884321766269627,k vehicles
PEI,inter_city_buses,T_HDV_BIC_DSL_EX,2020,0.007949518234312137,k vehicles
PEI,inter_city_buses,T_HDV_BIC_GSL_EX,2020,0.0010504817656878506,k vehicles
PEI,school_buses,T_HDV_BS_DSL_EX,2020,0.07532760203229291,k vehicles
PEI,school_buses,T_HDV_BS_GSL_EX,2020,0.008672397967706979,k vehicles
PEI,urban_transit,T_HDV_BT_DSL_EX,2020,0.04635341205523269,k vehicles
QC,inter_city_buses,T_HDV_BIC_DSL_EX,2010,0.338184898416888,k vehicles
QC,inter_city_buses,T_HDV_BIC_DSL_EX,2015,0.3097683819932021,k vehicles
QC,inter_city_buses,T_HDV_BIC_DSL_EX,2020,0.16249405358858762,k vehicles
QC,inter_city_buses,T_HDV_BIC_GSL_EX,2010,0.01829403435353702,k vehicles
QC,inter_city_buses,T_HDV_BIC_GSL_EX,2015,0.05076989245721129,k vehicles
QC,inter_city_buses,T_HDV_BIC_GSL_EX,2020,0.043488739190572806,k vehicles
QC,school_buses,T_HDV_BS_CNG_EX,2015,0.9375804862330831,k vehicles
QC,school_buses,T_HDV_BS_CNG_EX,2020,0.8651730465045181,k vehicles
QC,school_buses,T_HDV_BS_DSL_EX,2010,3.1895259198659627,k vehicles
QC,school_buses,T_HDV_BS_DSL_EX,2015,2.367168339378723,k vehicles
QC,school_buses,T_HDV_BS_DSL_EX,2020,0.9654753266820123,k vehicles
QC,school_buses,T_HDV_BS_GSL_EX,2010,0.22810770564464572,k vehicles
QC,school_buses,T_HDV_BS_GSL_EX,2015,0.2879844513545329,k vehicles
QC,school_buses,T_HDV_BS_GSL_EX,2020,0.19998472433651143,k vehicles
QC,urban_transit,T_HDV_BT_BEV_EX,2010,0.8260635586211778,k vehicles
QC,urban_transit,T_HDV_BT_BEV_EX,2015,0.9135923255644927,k vehicles
QC,urban_transit,T_HDV_BT_BEV_EX,2020,0.6401428559833976,k vehicles
QC,urban_transit,T_HDV_BT_CNG_EX,2015,0.1351786662357097,k vehicles
QC,urban_transit,T_HDV_BT_CNG_EX,2020,0.03687053866676861,k vehicles
QC,urban_transit,T_HDV_BT_DSL_EX,2010,1.0593384218300332,k vehicles
QC,urban_transit,T_HDV_BT_DSL_EX,2015,0.9705774518715162,k vehicles
QC,urban_transit,T_HDV_BT_DSL_EX,2020,0.46570258673411247,k vehicles
QC,urban_transit,T_HDV_BT_GSL_EX,2010,0.0047903067643955185,k vehicles
QC,urban_transit,T_HDV_BT_GSL_EX,2015,0.014483234304986282,k vehicles
QC,urban_transit,T_HDV_BT_GSL_EX,2020,0.013260053423403327,k vehicles
SK,inter_city_buses,T_HDV_BIC_DSL_EX,2020,0.18410088504409594,k vehicles
SK,inter_city_buses,T_HDV_BIC_GSL_EX,2020,0.027899114955903782,k vehicles
SK,school_buses,T_HDV_BS_CNG_EX,2015,0.021027519366498118,k vehicles
SK,school_buses,T_HDV_BS_CNG_EX,2020,0.024650904744663967,k vehicles
SK,school_buses,T_HDV_BS_DSL_EX,2020,1.7925269666284476,k vehicles
SK,school_buses,T_HDV_BS_GSL_EX,2020,0.23479460926038742,k vehicles
SK,urban_transit,T_HDV_BT_CNG_EX,2015,0.005492188928905084,k vehicles
SK,urban_transit,T_HDV_BT_CNG_EX,2020,0.0019094871082272337,k vehicles
SK,urban_transit,T_HDV_BT_DSL_EX,2020,1.1392546189432136,k vehicles
SK,urban_transit,T_HDV_BT_GSL_EX,2020,0.018343705019652774,k vehicles
