region,mode,tech,vintage,units,capacity
AB,freight_air,T_HDV_AJF_JFL_EX,2000,bn tonne-km,0.05182280619077471
AB,freight_air,T_HDV_AJF_JFL_EX,2005,bn tonne-km,0.03455958848774032
AB,freight_air,T_HDV_AJF_JFL_EX,2010,bn tonne-km,0.04705115326548895
AB,freight_air,T_HDV_AJF_JFL_EX,2015,bn tonne-km,0.04553287752900864
AB,freight_air,T_HDV_AJF_JFL_EX,2020,bn tonne-km,0.12454455015542443
AB,freight_marine,T_HDV_WTF_MDO_EX,2015,bn tonne-km,0.011617534935833678
AB,freight_marine,T_HDV_WTF_MDO_EX,2020,bn tonne-km,0.00880105963750302
AB,freight_rail,T_HDV_RF_DSL_EX,2005,bn tonne-km,9.713237852447627
AB,freight_rail,T_HDV_RF_DSL_EX,2010,bn tonne-km,42.69332032737743
AB,freight_rail,T_HDV_RF_DSL_EX,2015,bn tonne-km,30.55874188195733
AB,freight_rail,T_HDV_RF_DSL_EX,2020,bn tonne-km,26.842658047025104
AB,passenger_air,T_HDV_AJP_JFL_EX,2000,bn passenger-km,1.3117520111917533
AB,passenger_air,T_HDV_AJP_JFL_EX,2005,bn passenger-km,1.5525339933469846
AB,passenger_air,T_HDV_AJP_JFL_EX,2010,bn passenger-km,2.1066044517892535
AB,passenger_air,T_HDV_AJP_JFL_EX,2015,bn passenger-km,1.4839167282460957
AB,passenger_air,T_HDV_AJP_JFL_EX,2020,bn passenger-km,22.563421024942663
AB,passenger_rail,T_HDV_RICP_DSL_EX,2005,bn passenger-km,0.006903317900246189
AB,passenger_rail,T_HDV_RICP_DSL_EX,2010,bn passenger-km,0.01409961736374235
AB,passenger_rail,T_HDV_RICP_DSL_EX,2015,bn passenger-km,0.016927670629493075
AB,passenger_rail,T_HDV_RICP_DSL_EX,2020,bn passenger-km,0.33665167219953784
BCT,freight_air,T_HDV_AJF_JFL_EX,2000,bn tonne-km,0.0771478940938903
BCT,freight_air,T_HDV_AJF_JFL_EX,2005,bn tonne-km,0.0689373825697068
BCT,freight_air,T_HDV_AJF_JFL_EX,2010,bn tonne-km,0.042606750958930927
BCT,freight_air,T_HDV_AJF_JFL_EX,2015,bn tonne-km,0.26497117413321514
BCT,freight_air,T_HDV_AJF_JFL_EX,2020,bn tonne-km,0.2135992302463617
BCT,freight_marine,T_HDV_WTF_HFO_EX,2000,bn tonne-km,9.843975763887933
BCT,freight_marine,T_HDV_WTF_HFO_EX,2005,bn tonne-km,3.99265528402334
BCT,freight_marine,T_HDV_WTF_HFO_EX,2010,bn tonne-km,12.001098545237426
BCT,freight_marine,T_HDV_WTF_HFO_EX,2015,bn tonne-km,13.38998305184489
BCT,freight_marine,T_HDV_WTF_HFO_EX,2020,bn tonne-km,6.730222529406047
BCT,freight_marine,T_HDV_WTF_MDO_EX,2000,bn tonne-km,11.990146479962489
BCT,freight_marine,T_HDV_WTF_MDO_EX,2005,bn tonne-km,4.863128765011157
BCT,freight_marine,T_HDV_WTF_MDO_EX,2010,bn tonne-km,14.617562347698161
BCT,freight_marine,T_HDV_WTF_MDO_EX,2015,bn tonne-km,16.30924963720412
BCT,freight_marine,T_HDV_WTF_MDO_EX,2020,bn tonne-km,8.197536839368517
BCT,freight_rail,T_HDV_RF_DSL_EX,2005,bn tonne-km,5.926741725377357
BCT,freight_rail,T_HDV_RF_DSL_EX,2010,bn tonne-km,14.162132286833556
BCT,freight_rail,T_HDV_RF_DSL_EX,2015,bn tonne-km,24.23831773213757
BCT,freight_rail,T_HDV_RF_DSL_EX,2020,bn tonne-km,16.42196342963999
BCT,passenger_air,T_HDV_AJP_JFL_EX,2000,bn passenger-km,1.7833859973009605
BCT,passenger_air,T_HDV_AJP_JFL_EX,2005,bn passenger-km,2.4210826889109534
BCT,passenger_air,T_HDV_AJP_JFL_EX,2010,bn passenger-km,1.3500911314750126
BCT,passenger_air,T_HDV_AJP_JFL_EX,2015,bn passenger-km,7.347255433401186
BCT,passenger_air,T_HDV_AJP_JFL_EX,2020,bn passenger-km,44.08823499065592
BCT,passenger_rail,T_HDV_RICP_DSL_EX,2005,bn passenger-km,0.0030269242316107977
BCT,passenger_rail,T_HDV_RICP_DSL_EX,2010,bn passenger-km,0.005149041426170528
BCT,passenger_rail,T_HDV_RICP_DSL_EX,2015,bn passenger-km,0.01547853773053489
BCT,passenger_rail,T_HDV_RICP_DSL_EX,2020,bn passenger-km,0.18357617565643106
MB,freight_air,T_HDV_AJF_JFL_EX,2000,bn tonne-km,0.008620232048275032
MB,freight_air,T_HDV_AJF_JFL_EX,2005,bn tonne-km,0.00830557270003447
MB,freight_air,T_HDV_AJF_JFL_EX,2010,bn tonne-km,0.0015776443171203068
MB,freight_air,T_HDV_AJF_JFL_EX,2015,bn tonne-km,0.0421236089719676
MB,freight_air,T_HDV_AJF_JFL_EX,2020,bn tonne-km,0.01963366100796035
MB,freight_marine,T_HDV_WTF_MDO_EX,2015,bn tonne-km,0.011105736053926497
MB,freight_marine,T_HDV_WTF_MDO_EX,2020,bn tonne-km,0.02325533697366201
MB,freight_rail,T_HDV_RF_DSL_EX,2005,bn tonne-km,9.895040657338647
MB,freight_rail,T_HDV_RF_DSL_EX,2010,bn tonne-km,11.023054125964524
MB,freight_rail,T_HDV_RF_DSL_EX,2015,bn tonne-km,16.757826694621826
MB,freight_rail,T_HDV_RF_DSL_EX,2020,bn tonne-km,12.375270411745282
MB,passenger_air,T_HDV_AJP_JFL_EX,2000,bn passenger-km,0.2517625614215483
MB,passenger_air,T_HDV_AJP_JFL_EX,2005,bn passenger-km,0.33586131674820463
MB,passenger_air,T_HDV_AJP_JFL_EX,2010,bn passenger-km,0.059370529507099624
MB,passenger_air,T_HDV_AJP_JFL_EX,2015,bn passenger-km,1.4278309881574598
MB,passenger_air,T_HDV_AJP_JFL_EX,2020,bn passenger-km,4.966004499975194
MB,passenger_rail,T_HDV_RICP_DSL_EX,2005,bn passenger-km,0.005132079547701843
MB,passenger_rail,T_HDV_RICP_DSL_EX,2010,bn passenger-km,0.0037793087766187445
MB,passenger_rail,T_HDV_RICP_DSL_EX,2015,bn passenger-km,0.010834807032071871
MB,passenger_rail,T_HDV_RICP_DSL_EX,2020,bn passenger-km,0.1509908572759931
NB,freight_air,T_HDV_AJF_JFL_EX,2005,bn tonne-km,0.0025294664945876705
NB,freight_air,T_HDV_AJF_JFL_EX,2010,bn tonne-km,0.0019449921940310434
NB,freight_air,T_HDV_AJF_JFL_EX,2015,bn tonne-km,0.002084185757954355
NB,freight_air,T_HDV_AJF_JFL_EX,2020,bn tonne-km,0.002839052704787841
NB,freight_marine,T_HDV_WTF_HFO_EX,2000,bn tonne-km,0.005863378018798731
NB,freight_marine,T_HDV_WTF_HFO_EX,2005,bn tonne-km,0.004548271188523441
NB,freight_marine,T_HDV_WTF_HFO_EX,2010,bn tonne-km,0.01376690182291754
NB,freight_marine,T_HDV_WTF_HFO_EX,2015,bn tonne-km,0.0029887644374037466
NB,freight_marine,T_HDV_WTF_HFO_EX,2020,bn tonne-km,0.007193757559945047
NB,freight_marine,T_HDV_WTF_MDO_EX,2000,bn tonne-km,1.289943164135721
NB,freight_marine,T_HDV_WTF_MDO_EX,2005,bn tonne-km,1.0006196614751572
NB,freight_marine,T_HDV_WTF_MDO_EX,2010,bn tonne-km,3.0287184010418593
NB,freight_marine,T_HDV_WTF_MDO_EX,2015,bn tonne-km,0.6575281762288244
NB,freight_marine,T_HDV_WTF_MDO_EX,2020,bn tonne-km,1.5826266631879107
NB,freight_rail,T_HDV_RF_DSL_EX,2005,bn tonne-km,2.5596542724293254
NB,freight_rail,T_HDV_RF_DSL_EX,2010,bn tonne-km,1.2520557634877114
NB,freight_rail,T_HDV_RF_DSL_EX,2015,bn tonne-km,1.6437903719139437
NB,freight_rail,T_HDV_RF_DSL_EX,2020,bn tonne-km,3.15348468466859
NB,passenger_air,T_HDV_AJP_JFL_EX,2000,bn passenger-km,0.0463188509658226
NB,passenger_air,T_HDV_AJP_JFL_EX,2005,bn passenger-km,0.047909040390892006
NB,passenger_air,T_HDV_AJP_JFL_EX,2010,bn passenger-km,0.06788734668529352
NB,passenger_air,T_HDV_AJP_JFL_EX,2015,bn passenger-km,0.05032986257942618
NB,passenger_air,T_HDV_AJP_JFL_EX,2020,bn passenger-km,0.8823911207577291
NB,passenger_rail,T_HDV_RICP_DSL_EX,2015,bn passenger-km,0.0013781189950264885
NB,passenger_rail,T_HDV_RICP_DSL_EX,2020,bn passenger-km,0.026842292432603547
NLLAB,freight_air,T_HDV_AJF_JFL_EX,2000,bn tonne-km,0.0014609444660625586
NLLAB,freight_air,T_HDV_AJF_JFL_EX,2005,bn tonne-km,0.0019213089798970962
NLLAB,freight_air,T_HDV_AJF_JFL_EX,2010,bn tonne-km,0.02787704939407483
NLLAB,freight_air,T_HDV_AJF_JFL_EX,2015,bn tonne-km,0.015030896212956084
NLLAB,freight_air,T_HDV_AJF_JFL_EX,2020,bn tonne-km,0.02923983986473794
NLLAB,freight_marine,T_HDV_WTF_HFO_EX,2000,bn tonne-km,0.06227378911464289
NLLAB,freight_marine,T_HDV_WTF_HFO_EX,2005,bn tonne-km,0.09678912944519169
NLLAB,freight_marine,T_HDV_WTF_HFO_EX,2010,bn tonne-km,0.1818428182276611
NLLAB,freight_marine,T_HDV_WTF_HFO_EX,2015,bn tonne-km,0.07561978378098244
NLLAB,freight_marine,T_HDV_WTF_HFO_EX,2020,bn tonne-km,0.3840874809743341
NLLAB,freight_marine,T_HDV_WTF_MDO_EX,2000,bn tonne-km,0.9899661582859967
NLLAB,freight_marine,T_HDV_WTF_MDO_EX,2005,bn tonne-km,1.5386563753862232
NLLAB,freight_marine,T_HDV_WTF_MDO_EX,2010,bn tonne-km,2.8907545009238484
NLLAB,freight_marine,T_HDV_WTF_MDO_EX,2015,bn tonne-km,1.2021273782178499
NLLAB,freight_marine,T_HDV_WTF_MDO_EX,2020,bn tonne-km,6.105837036604864
NLLAB,passenger_air,T_HDV_AJP_JFL_EX,2000,bn passenger-km,0.10400106783651815
NLLAB,passenger_air,T_HDV_AJP_JFL_EX,2005,bn passenger-km,0.15241164480049574
NLLAB,passenger_air,T_HDV_AJP_JFL_EX,2010,bn passenger-km,1.1648915335291767
NLLAB,passenger_air,T_HDV_AJP_JFL_EX,2015,bn passenger-km,1.4266502257602047
NLLAB,passenger_air,T_HDV_AJP_JFL_EX,2020,bn passenger-km,6.968002211329774
NS,freight_air,T_HDV_AJF_JFL_EX,2000,bn tonne-km,0.004405733611260759
NS,freight_air,T_HDV_AJF_JFL_EX,2005,bn tonne-km,0.0036336816950217703
NS,freight_air,T_HDV_AJF_JFL_EX,2010,bn tonne-km,0.011111269796528205
NS,freight_air,T_HDV_AJF_JFL_EX,2015,bn tonne-km,0.004279987691400032
NS,freight_air,T_HDV_AJF_JFL_EX,2020,bn tonne-km,0.008690645272391802
NS,freight_marine,T_HDV_WTF_HFO_EX,2000,bn tonne-km,0.01847629070698563
NS,freight_marine,T_HDV_WTF_HFO_EX,2005,bn tonne-km,0.0025652017807261556
NS,freight_marine,T_HDV_WTF_HFO_EX,2010,bn tonne-km,0.009509325681627063
NS,freight_marine,T_HDV_WTF_HFO_EX,2015,bn tonne-km,0.038335408178497433
NS,freight_marine,T_HDV_WTF_HFO_EX,2020,bn tonne-km,0.017016456221135
NS,freight_marine,T_HDV_WTF_MDO_EX,2000,bn tonne-km,2.6945822367067835
NS,freight_marine,T_HDV_WTF_MDO_EX,2005,bn tonne-km,0.37410902770110244
NS,freight_marine,T_HDV_WTF_MDO_EX,2010,bn tonne-km,1.3868400574084907
NS,freight_marine,T_HDV_WTF_MDO_EX,2015,bn tonne-km,5.590835928752065
NS,freight_marine,T_HDV_WTF_MDO_EX,2020,bn tonne-km,2.4816799752903274
NS,freight_rail,T_HDV_RF_DSL_EX,2005,bn tonne-km,1.3980655413006815
NS,freight_rail,T_HDV_RF_DSL_EX,2010,bn tonne-km,1.9471510987804317
NS,freight_rail,T_HDV_RF_DSL_EX,2015,bn tonne-km,4.477417521457613
NS,freight_rail,T_HDV_RF_DSL_EX,2020,bn tonne-km,2.3245533035773165
NS,passenger_air,T_HDV_AJP_JFL_EX,2000,bn passenger-km,0.16869655672402203
NS,passenger_air,T_HDV_AJP_JFL_EX,2005,bn passenger-km,0.0992881420541192
NS,passenger_air,T_HDV_AJP_JFL_EX,2010,bn passenger-km,0.46309656215228934
NS,passenger_air,T_HDV_AJP_JFL_EX,2015,bn passenger-km,0.24743687321174218
NS,passenger_air,T_HDV_AJP_JFL_EX,2020,bn passenger-km,3.271684962389806
NS,passenger_rail,T_HDV_RICP_DSL_EX,2015,bn passenger-km,0.0024848819143059985
NS,passenger_rail,T_HDV_RICP_DSL_EX,2020,bn passenger-km,0.030657334295476846
ON,freight_air,T_HDV_AJF_JFL_EX,2000,bn tonne-km,0.1028374012436399
ON,freight_air,T_HDV_AJF_JFL_EX,2005,bn tonne-km,0.06560560489243497
ON,freight_air,T_HDV_AJF_JFL_EX,2010,bn tonne-km,0.09498243121721658
ON,freight_air,T_HDV_AJF_JFL_EX,2015,bn tonne-km,0.23458279144308666
ON,freight_air,T_HDV_AJF_JFL_EX,2020,bn tonne-km,0.3968756082267355
ON,freight_marine,T_HDV_WTF_HFO_EX,2000,bn tonne-km,1.3704959321220063
ON,freight_marine,T_HDV_WTF_HFO_EX,2005,bn tonne-km,0.8317720334237386
ON,freight_marine,T_HDV_WTF_HFO_EX,2010,bn tonne-km,2.042941285328911
ON,freight_marine,T_HDV_WTF_HFO_EX,2015,bn tonne-km,1.7123717437893662
ON,freight_marine,T_HDV_WTF_HFO_EX,2020,bn tonne-km,0.6294367047246946
ON,freight_marine,T_HDV_WTF_MDO_EX,2000,bn tonne-km,0.24593145573811695
ON,freight_marine,T_HDV_WTF_MDO_EX,2005,bn tonne-km,0.14925903990493797
ON,freight_marine,T_HDV_WTF_MDO_EX,2010,bn tonne-km,0.36659979246382124
ON,freight_marine,T_HDV_WTF_MDO_EX,2015,bn tonne-km,0.30728006252662593
ON,freight_marine,T_HDV_WTF_MDO_EX,2020,bn tonne-km,0.11295056151554247
ON,freight_rail,T_HDV_RF_DSL_EX,2005,bn tonne-km,9.802145246933172
ON,freight_rail,T_HDV_RF_DSL_EX,2010,bn tonne-km,26.22345755776589
ON,freight_rail,T_HDV_RF_DSL_EX,2015,bn tonne-km,32.510573804923865
ON,freight_rail,T_HDV_RF_DSL_EX,2020,bn tonne-km,20.818624945059906
ON,passenger_air,T_HDV_AJP_JFL_EX,2000,bn passenger-km,3.250515484705835
ON,passenger_air,T_HDV_AJP_JFL_EX,2005,bn passenger-km,2.3626081910933645
ON,passenger_air,T_HDV_AJP_JFL_EX,2010,bn passenger-km,4.37324780414242
ON,passenger_air,T_HDV_AJP_JFL_EX,2015,bn passenger-km,7.371418920266957
ON,passenger_air,T_HDV_AJP_JFL_EX,2020,bn passenger-km,56.74267494718509
ON,passenger_rail,T_HDV_RICP_DSL_EX,2005,bn passenger-km,0.004255648462765398
ON,passenger_rail,T_HDV_RICP_DSL_EX,2010,bn passenger-km,0.009298420298600606
ON,passenger_rail,T_HDV_RICP_DSL_EX,2015,bn passenger-km,0.019472261318845503
ON,passenger_rail,T_HDV_RICP_DSL_EX,2020,bn passenger-km,0.27178479946434614
PEI,freight_air,T_HDV_AJF_JFL_EX,2020,bn tonne-km,0.0010752418833193684
PEI,freight_marine,T_HDV_WTF_MDO_EX,2000,bn tonne-km,0.3464089831157296
PEI,freight_marine,T_HDV_WTF_MDO_EX,2005,bn tonne-km,0.30914946850752006
PEI,freight_marine,T_HDV_WTF_MDO_EX,2010,bn tonne-km,2.7180891778724545
PEI,freight_marine,T_HDV_WTF_MDO_EX,2015,bn tonne-km,2.159377173706145
PEI,freight_marine,T_HDV_WTF_MDO_EX,2020,bn tonne-km,0.40800472326820425
PEI,passenger_air,T_HDV_AJP_JFL_EX,2005,bn passenger-km,0.001612574819743528
PEI,passenger_air,T_HDV_AJP_JFL_EX,2010,bn passenger-km,0.017728750129956547
PEI,passenger_air,T_HDV_AJP_JFL_EX,2015,bn passenger-km,0.0223700642109618
PEI,passenger_air,T_HDV_AJP_JFL_EX,2020,bn passenger-km,0.23253629663734451
QC,freight_air,T_HDV_AJF_JFL_EX,2000,bn tonne-km,0.02151879102584592
QC,freight_air,T_HDV_AJF_JFL_EX,2005,bn tonne-km,0.05292042770153968
QC,freight_air,T_HDV_AJF_JFL_EX,2010,bn tonne-km,0.16624412458153473
QC,freight_air,T_HDV_AJF_JFL_EX,2015,bn tonne-km,0.10932803909104634
QC,freight_air,T_HDV_AJF_JFL_EX,2020,bn tonne-km,0.34173704994274723
QC,freight_marine,T_HDV_WTF_HFO_EX,2000,bn tonne-km,8.213176518188577
QC,freight_marine,T_HDV_WTF_HFO_EX,2005,bn tonne-km,5.977959413351183
QC,freight_marine,T_HDV_WTF_HFO_EX,2010,bn tonne-km,4.527341790091193
QC,freight_marine,T_HDV_WTF_HFO_EX,2015,bn tonne-km,9.793538108429866
QC,freight_marine,T_HDV_WTF_HFO_EX,2020,bn tonne-km,11.738545114456358
QC,freight_marine,T_HDV_WTF_MDO_EX,2000,bn tonne-km,5.005452207900654
QC,freight_marine,T_HDV_WTF_MDO_EX,2005,bn tonne-km,3.6432177097416845
QC,freight_marine,T_HDV_WTF_MDO_EX,2010,bn tonne-km,2.7591508485112715
QC,freight_marine,T_HDV_WTF_MDO_EX,2015,bn tonne-km,5.968590452115487
QC,freight_marine,T_HDV_WTF_MDO_EX,2020,bn tonne-km,7.153958816126339
QC,freight_rail,T_HDV_RF_DSL_EX,2005,bn tonne-km,7.3594070975425625
QC,freight_rail,T_HDV_RF_DSL_EX,2010,bn tonne-km,5.530112561180947
QC,freight_rail,T_HDV_RF_DSL_EX,2015,bn tonne-km,10.426525943586295
QC,freight_rail,T_HDV_RF_DSL_EX,2020,bn tonne-km,9.14503151279964
QC,passenger_air,T_HDV_AJP_JFL_EX,2000,bn passenger-km,0.6242940852839758
QC,passenger_air,T_HDV_AJP_JFL_EX,2005,bn passenger-km,1.389973694213582
QC,passenger_air,T_HDV_AJP_JFL_EX,2010,bn passenger-km,4.741775729926356
QC,passenger_air,T_HDV_AJP_JFL_EX,2015,bn passenger-km,3.1986755619087837
QC,passenger_air,T_HDV_AJP_JFL_EX,2020,bn passenger-km,49.365737284602844
QC,passenger_rail,T_HDV_RICP_DSL_EX,2005,bn passenger-km,0.0033050048784075622
QC,passenger_rail,T_HDV_RICP_DSL_EX,2010,bn passenger-km,0.0010938657212992335
QC,passenger_rail,T_HDV_RICP_DSL_EX,2015,bn passenger-km,0.006815143726045005
QC,passenger_rail,T_HDV_RICP_DSL_EX,2020,bn passenger-km,0.09951897698839117
SK,freight_air,T_HDV_AJF_JFL_EX,2000,bn tonne-km,0.001522620790457049
SK,freight_air,T_HDV_AJF_JFL_EX,2005,bn tonne-km,0.003379327616946599
SK,freight_air,T_HDV_AJF_JFL_EX,2010,bn tonne-km,0.006988397297749817
SK,freight_air,T_HDV_AJF_JFL_EX,2015,bn tonne-km,0.0018892663056444916
SK,freight_air,T_HDV_AJF_JFL_EX,2020,bn tonne-km,0.009987324950411365
SK,freight_marine,T_HDV_WTF_MDO_EX,2015,bn tonne-km,0.001532474664660874
SK,freight_marine,T_HDV_WTF_MDO_EX,2020,bn tonne-km,0.0019036326380979767
SK,freight_rail,T_HDV_RF_DSL_EX,2005,bn tonne-km,10.881289901806978
SK,freight_rail,T_HDV_RF_DSL_EX,2010,bn tonne-km,15.559923956438636
SK,freight_rail,T_HDV_RF_DSL_EX,2015,bn tonne-km,36.10911072387261
SK,freight_rail,T_HDV_RF_DSL_EX,2020,bn tonne-km,13.352629518205493
SK,passenger_air,T_HDV_AJP_JFL_EX,2000,bn passenger-km,0.06963250617996963
SK,passenger_air,T_HDV_AJP_JFL_EX,2005,bn passenger-km,0.13781434918825636
SK,passenger_air,T_HDV_AJP_JFL_EX,2010,bn passenger-km,0.3821263224627913
SK,passenger_air,T_HDV_AJP_JFL_EX,2020,bn passenger-km,1.8020347945951778
SK,passenger_rail,T_HDV_RICP_DSL_EX,2005,bn passenger-km,0.005570134092405202
SK,passenger_rail,T_HDV_RICP_DSL_EX,2010,bn passenger-km,0.00617810092723929
SK,passenger_rail,T_HDV_RICP_DSL_EX,2015,bn passenger-km,0.021768961213237036
SK,passenger_rail,T_HDV_RICP_DSL_EX,2020,bn passenger-km,0.22540640117553767
