calendar_year_cert_co2e_megagrams,cert_offset,compliance_id,manufacturer_vehicle_cost_dollars,model_year,model_year_cert_co2e_megagrams,strategic_offset,target_co2e_megagrams
645761329.0803908,-40667633.09770656,consolidated_OEM,607396934745.5135,2023,645953489.4573891,-40667633.09770656,686428962.1780974
599353793.8791142,-101955122.51397991,consolidated_OEM,643912177286.4684,2024,599353793.8791142,-101955122.51397991,701308916.3930941
618107558.6401982,5180729.652112126,consolidated_OEM,650487807123.5171,2025,612926828.9880861,4144583.721689701,612926828.9880861
562675876.4873573,2372350.704352498,consolidated_OEM,662254886753.0168,2026,560303525.7830048,1897880.5634819986,560303525.7830048
553443770.0535427,-13095208.85105455,consolidated_OEM,667285899522.0809,2027,566538978.9045973,-13095208.85105455,566538978.9045973
499841945.5550296,192160.37699830532,consolidated_OEM,661486112449.182,2028,499649785.17803127,153728.30159864426,499649785.17803127
438479168.79843634,-6938617.824151993,consolidated_OEM,673331749851.5911,2029,445417786.62258834,-6938617.824151993,445417786.62258834
386371549.58636385,-2437.478920519352,consolidated_OEM,674772421663.8379,2030,386373987.0652844,-2437.478920519352,386373987.0652844
325966815.4014525,-29972.93022608757,consolidated_OEM,678777825915.9354,2031,325996788.33167857,-29972.93022608757,325996788.33167857
285167032.6521118,15769110.998267531,consolidated_OEM,683668936378.7766,2032,269397921.6538443,12615288.798614025,269397921.6538443
273881467.45827633,7785155.294832587,consolidated_OEM,694769106163.929,2033,266096312.16344374,6228124.23586607,266096312.16344374
277796162.1023595,12845430.654730886,consolidated_OEM,689611627722.5564,2034,267464451.6548842,10276344.52378471,264950731.4476286
258948021.47697914,-8246685.143666744,consolidated_OEM,692669532177.605,2035,267194706.62064588,-8246685.143666744,267194706.62064588
264322017.21527746,-5573054.51255551,consolidated_OEM,696733772076.9452,2036,269895071.727833,-5573054.51255551,269895071.727833
279665403.72787297,7443410.178381801,consolidated_OEM,698919243334.847,2037,272221993.54949117,5954728.1427054405,272221993.54949117
273699442.10976064,-1800877.61116004,consolidated_OEM,705444025063.3535,2038,275500319.7209207,-1800877.61116004,275500319.7209207
282291329.8860076,4626980.485525191,consolidated_OEM,708084179179.5396,2039,277664349.4004824,3701584.388420153,277664349.4004824
274183160.6704529,-6553091.359400868,consolidated_OEM,714190402039.5493,2040,280736252.02985376,-6553091.359400868,280736252.02985376
289888952.1293235,7651816.781951964,consolidated_OEM,714419447804.6007,2041,282237135.3473715,6121453.4255615715,282237135.3473715
276695187.03983736,-6861893.617591441,consolidated_OEM,716280671972.071,2042,283557080.6574288,-6861893.617591441,283557080.6574288
276793610.22550035,-4683564.916933894,consolidated_OEM,711848930705.2031,2043,281477175.14243424,-4683564.916933894,281477175.14243424
288999995.3045556,2908912.446348667,consolidated_OEM,717019904599.7479,2044,287724141.42140126,2327129.9570789337,286091082.8582069
289775656.75731957,997791.0809473991,consolidated_OEM,721660064619.5204,2045,288777865.6763722,798232.8647579193,288777865.6763722
290252603.09816694,-1098633.8239270449,consolidated_OEM,725883371069.7706,2046,291351236.922094,-1098633.8239270449,291351236.922094
298125244.1105189,5223826.59462738,consolidated_OEM,727110965088.2196,2047,292901417.5158915,4179061.2757019047,292901417.5158915
285554790.52481186,-5570993.817979038,consolidated_OEM,724389439518.6211,2048,291125784.3427909,-5570993.817979038,291125784.3427909
295025715.5470947,-941239.0291541219,consolidated_OEM,730338064944.6144,2049,295676339.40469044,-941239.0291541219,295966954.5762488
288567119.2387717,-7534821.26387161,consolidated_OEM,732400137367.7091,2050,288567119.2387717,-7534821.26387161,296101940.5026433
288437927.78102154,-10852519.105950415,consolidated_OEM,738114645279.239,2051,288437927.78102154,-10852519.105950415,299290446.88697195
284689115.05148983,-17901467.98632878,consolidated_OEM,744076541235.8379,2052,284689115.05148983,-17901467.98632878,302590583.0378186
293581684.5241044,-12006463.041678011,consolidated_OEM,749090491121.5583,2053,293581684.5241044,-12006463.041678011,305588147.5657824
305026571.3419296,-3541030.5574826,consolidated_OEM,754077347943.2397,2054,305026571.3419296,-3541030.5574826,308567601.8994122
296327480.8789641,-15748001.527235627,consolidated_OEM,760539001392.1598,2055,296327480.8789641,-15748001.527235627,312075482.40619975
69225.30802894404,22455.42019808227,Aston Martin Lagonda,202996749.98361537,2023,69225.30802894404,17964.336158465816,46769.88783086177
63015.98744506095,14418.275887413132,Aston Martin Lagonda,212563354.51606178,2024,63015.98744506095,11534.620709930507,48597.71155764782
63833.23978725889,21502.767402276637,Aston Martin Lagonda,212296884.453243,2025,63833.23978725889,17202.21392182131,42330.472384982255
57685.2592639474,19223.19429738351,Aston Martin Lagonda,214150435.48416504,2026,57685.2592639474,15378.555437906809,38462.06496656389
55458.7458599476,16654.416238617712,Aston Martin Lagonda,213917529.9935787,2027,55458.7458599476,13323.532990894171,38804.32962132989
48083.453287321565,13747.887524977123,Aston Martin Lagonda,211304471.70102146,2028,48083.453287321565,10998.310019981698,34335.56576234444
44097.77965800395,13576.122039633676,Aston Martin Lagonda,211495092.3694727,2029,44097.77965800395,10860.897631706941,30521.657618370275
37897.58944362564,11395.659945458941,Aston Martin Lagonda,209782336.6413059,2030,37897.58944362564,9116.527956367154,26501.9294981667
31419.725388184288,8952.112646042035,Aston Martin Lagonda,208242360.3655792,2031,31419.725388184288,7161.690116833628,22467.612742142253
26088.626725026978,7421.0452593864175,Aston Martin Lagonda,208067842.6993646,2032,26088.626725026978,5936.8362075091345,18667.58146564056
26359.32316691751,7878.1821839227305,Aston Martin Lagonda,206698116.84002724,2033,26359.32316691751,6302.545747138185,18481.14098299478
23912.341692905633,5580.62059329373,Aston Martin Lagonda,206965018.7886847,2034,23912.341692905633,4464.496474634984,18331.721099611903
22115.024792653207,3629.6300310449697,Aston Martin Lagonda,208272330.3123963,2035,22115.024792653207,2903.704024835976,18485.394761608237
21724.41937664718,3031.6067066663927,Aston Martin Lagonda,210621842.8364977,2036,21724.41937664718,2425.2853653331144,18692.812669980787
23191.866482416575,4363.17003585977,Aston Martin Lagonda,211624200.88124788,2037,23191.866482416575,3490.5360286878163,18828.696446556805
22175.282504961127,3143.0003840793797,Aston Martin Lagonda,213723833.7195992,2038,22175.282504961127,2514.400307263504,19032.282120881748
22462.49576728454,3299.6014960242683,Aston Martin Lagonda,214944248.02669832,2039,22462.49576728454,2639.6811968194147,19162.894271260273
21674.970444119943,2342.9784765513505,Aston Martin Lagonda,216494504.92921278,2040,21674.970444119943,1874.3827812410805,19331.991967568592
22969.282961798468,3571.5177657813365,Aston Martin Lagonda,216778055.30693048,2041,22969.282961798468,2857.214212625069,19397.76519601713
21719.930219820217,2271.0086748543654,Aston Martin Lagonda,217092395.08193144,2042,21719.930219820217,1816.8069398834923,19448.92154496585
21660.290724927567,2371.9216171036096,Aston Martin Lagonda,216314119.9719844,2043,21660.290724927567,1897.5372936828878,19288.369107823957
22504.15032329494,2987.46804332369,Aston Martin Lagonda,217065201.30583665,2044,22504.15032329494,2389.974434658952,19516.68227997125
22480.46589304488,2814.876941862687,Aston Martin Lagonda,218314308.69988477,2045,22480.46589304488,2251.9015534901496,19665.58895118219
23258.06736354539,3292.549900971666,Aston Martin Lagonda,222429114.68111116,2046,23258.06736354539,2634.039920777333,19965.517462573724
23181.25476871859,3216.8589418809242,Aston Martin Lagonda,221322253.790708,2047,23181.25476871859,2573.4871535047396,19964.395826837666
22021.44805219321,2132.6848321430843,Aston Martin Lagonda,222127298.2607217,2048,22021.44805219321,1706.1478657144676,19888.763220050125
22806.724804904632,2666.747894061682,Aston Martin Lagonda,222830637.0426195,2049,22806.724804904632,2133.3983152493456,20139.97691084295
22195.814713868185,2024.8881551978775,Aston Martin Lagonda,224704198.8837806,2050,22195.814713868185,1619.910524158302,20170.926558670308
22120.657066758784,1760.37084816063,Aston Martin Lagonda,226598043.79071215,2051,22120.657066758784,1408.2966785285041,20360.286218598154
23660.060239996765,3132.606237231739,Aston Martin Lagonda,228393702.53789178,2052,23660.060239996765,2506.0849897853914,20527.454002765026
23485.187136712975,2770.8392868266055,Aston Martin Lagonda,230251518.27522498,2053,23485.187136712975,2216.6714294612843,20714.34784988637
25813.356234675728,4949.0303695446055,Aston Martin Lagonda,231962565.77322823,2054,25813.356234675728,3959.2242956356845,20864.325865131123
25461.623880155163,4395.159674052185,Aston Martin Lagonda,233953556.1284852,2055,25461.623880155163,3516.1277392417487,21066.464206102977
20596936.854770686,1879600.9361969642,BMW,24952543253.99819,2023,20596936.854770686,1503680.7489575716,18717335.918573722
19322045.139758512,300824.3014517166,BMW,26127001392.536297,2024,19322045.139758512,240659.44116137328,19021220.838306796
19545726.61903536,2804888.7623686045,BMW,26133858140.652874,2025,19545726.61903536,2243911.0098948837,16740837.856666755
18242021.026832446,3032014.88267499,BMW,26384899994.7377,2026,18242021.026832446,2425611.906139992,15210006.144157456
18076259.38820043,2743426.3515167125,BMW,26363685695.809063,2027,18076259.38820043,2194741.08121337,15332833.036683716
14470046.278790273,986568.6959454902,BMW,26242542005.937252,2028,14470046.278790273,789254.9567563921,13483477.582844783
13151024.446765477,1167068.3312479928,BMW,26421167617.25851,2029,13151024.446765477,933654.6649983943,11983956.115517484
11453498.441478284,1062208.910326274,BMW,26355539772.30404,2030,11453498.441478284,849767.1282610194,10391289.53115201
9966614.543057991,1189250.7350115776,BMW,26327710539.025932,2031,9966614.543057991,951400.5880092621,8777363.808046414
8614185.212067744,1346424.2463345323,BMW,26432287021.879852,2032,8614185.212067744,1077139.3970676258,7267760.9657332115
8773957.287450844,1585158.972179573,BMW,26603880052.349834,2033,8773957.287450844,1268127.1777436584,7188798.315271271
8070235.029707891,968100.2068432905,BMW,26480289035.60709,2034,8070235.029707891,774480.1654746324,7102134.8228646
7468575.65553197,309931.01444663946,BMW,26589588405.60167,2035,7468575.65553197,247944.81155731156,7158644.64108533
7330161.748326532,96624.74349492043,BMW,26798399439.841038,2036,7330161.748326532,77299.79479593635,7233537.004831611
7886527.419233706,603231.628759345,BMW,26854123735.98015,2037,7886527.419233706,482585.30300747603,7283295.790474361
7513498.584312961,152686.7058800403,BMW,27091923364.424873,2038,7513498.584312961,122149.36470403225,7360811.878432921
7631690.424422442,220825.37143573258,BMW,27185789308.762497,2039,7631690.424422442,176660.29714858608,7410865.052986709
7349229.067142575,-129413.2727244217,BMW,27378544393.523224,2040,7349229.067142575,-129413.2727244217,7478642.339866997
7846567.300241445,339886.7548487745,BMW,27361564998.165367,2041,7846567.300241445,271909.4038790196,7506680.545392671
7399942.15030923,-130343.66874518711,BMW,27397026024.689987,2042,7399942.15030923,-130343.66874518711,7530285.819054417
7402990.373143562,-70292.31767067872,BMW,27243239332.47343,2043,7402990.373143562,-70292.31767067872,7473282.690814241
7732522.0320475595,164691.92946805432,BMW,27348225323.033485,2044,7732522.0320475595,131753.54357444347,7567830.102579505
7738663.999600064,109867.69773300085,BMW,27494177929.306644,2045,7738663.999600064,87894.15818640069,7628796.301867063
8024280.975207266,308999.4882315779,BMW,27715729803.56189,2046,8024280.975207266,247199.59058526234,7715281.4869756885
8026427.18180823,297188.7447384335,BMW,27702556168.737682,2047,8026427.18180823,237750.99579074682,7729238.437069796
7626956.482529421,-68096.22995570581,BMW,27673222837.630177,2048,7626956.482529421,-68096.22995570581,7695052.712485127
7920874.515766895,127764.50602882635,BMW,27794498011.867622,2049,7920874.515766895,102211.60482306109,7793110.009738069
7726766.70485827,-81516.72136162221,BMW,27936613927.445465,2050,7726766.70485827,-81516.72136162221,7808283.426219892
7718742.773478031,-167327.50233314373,BMW,28144910174.403416,2051,7718742.773478031,-167327.50233314373,7886070.275811175
8315115.036621047,360283.63803261984,BMW,28313673268.705605,2052,8315115.036621047,288226.9104260959,7954831.398588427
8268920.888372704,237076.43696540873,BMW,28519846373.401363,2053,8268920.888372704,189661.149572327,8031844.451407296
9133929.113725435,1039876.560397665,BMW,28673752806.707146,2054,9133929.113725435,831901.248318132,8094052.55332777
9051548.672190152,874596.293823529,BMW,28895438257.334908,2055,9051548.672190152,699677.0350588233,8176952.378366623
257762.37010268346,104452.14185931729,Ferrari,1574172726.5489607,2023,257762.37010268346,83561.71348745383,153310.22824336617
231275.17092194947,76084.03820014658,Ferrari,1599101460.1915061,2024,231275.17092194947,60867.23056011726,155191.1327218029
222307.65658119996,88229.98106110588,Ferrari,1562393074.9790933,2025,222307.65658119996,70583.9848488847,134077.67552009408
197933.99875320683,79002.43929154161,Ferrari,1546187301.7613516,2026,197933.99875320683,63201.95143323329,118931.55946166522
188825.800108309,66700.2332037062,Ferrari,1528146761.4140527,2027,188825.800108309,53360.18656296496,122125.56690460279
130505.67296100913,22708.828858542212,Ferrari,1491531517.301478,2028,130505.67296100913,18167.063086833772,107796.84410246692
128617.58064918389,32986.27866496575,Ferrari,1482408840.4857872,2029,128617.58064918389,26389.022931972602,95631.30198421814
109732.88244483239,26783.042008775825,Ferrari,1460811487.3909411,2030,109732.88244483239,21426.433607020663,82949.84043605656
93047.33416291294,22031.50413988362,Ferrari,1440126906.7884984,2031,93047.33416291294,17625.203311906895,71015.83002302932
72189.99022666708,12647.615000622623,Ferrari,1432098807.3533993,2032,72189.99022666708,10118.0920004981,59542.37522604446
81376.3771689096,23182.361360318784,Ferrari,1407437789.3540568,2033,81376.3771689096,18545.88908825503,58194.01580859082
73185.573958683,14880.401531307492,Ferrari,1407907353.721362,2034,73185.573958683,11904.321225045995,58305.17242737551
70683.97710620349,12138.695041842744,Ferrari,1411967327.49084,2035,70683.97710620349,9710.956033474196,58545.28206436074
70564.31423732951,11399.41604337917,Ferrari,1424910758.8080103,2036,70564.31423732951,9119.532834703336,59164.89819395034
70197.91338462936,10866.421432468269,Ferrari,1428841999.5779421,2037,70197.91338462936,8693.137145974615,59331.49195216109
70081.5660025726,10358.250093508148,Ferrari,1437159131.971779,2038,70081.5660025726,8286.600074806518,59723.31590906445
69650.75107367027,9741.798807242209,Ferrari,1440383867.2526462,2039,69650.75107367027,7793.439045793767,59908.95226642806
69358.59538789467,9233.071942807932,Ferrari,1444914841.3767524,2040,69358.59538789467,7386.457554246346,60125.52344508674
68690.33113728021,8700.778802349902,Ferrari,1440833263.0832963,2041,68690.33113728021,6960.623041879921,59989.55233493031
67839.82460514041,8028.0289249656635,Ferrari,1435422053.2438717,2042,67839.82460514041,6422.423139972531,59811.79568017475
68675.6284918142,9368.00131978967,Ferrari,1422619830.0924275,2043,68675.6284918142,7494.401055831736,59307.627172024535
67874.29046337442,8608.349600730871,Ferrari,1419773511.8898616,2044,67874.29046337442,6886.679680584697,59265.94086264355
67396.5186211135,8023.958598074787,Ferrari,1421874623.5727372,2045,67396.5186211135,6419.16687845983,59372.56002303871
67436.8164793666,6823.251395942199,Ferrari,1447610832.1196291,2046,67436.8164793666,5458.60111675376,60613.56508342439
66498.50853515245,6307.719265308326,Ferrari,1440050919.227067,2047,66498.50853515245,5046.175412246661,60190.78926984412
67058.91732323171,6679.250028833085,Ferrari,1442782606.5235734,2048,67058.91732323171,5343.400023066468,60379.66729439863
65211.64863176299,4900.523675703771,Ferrari,1441045984.3545523,2049,65211.64863176299,3920.418940563017,60311.12495605922
65947.42912231754,5178.0291967986705,Ferrari,1450423561.6917748,2050,65947.42912231754,4142.423357438936,60769.39992551887
65516.69421790677,4342.6472481225865,Ferrari,1458583487.0418234,2051,65516.69421790677,3474.1177984980695,61174.04696978418
65041.8164697795,3470.127916866106,Ferrari,1466560322.246407,2052,65041.8164697795,2776.102333492885,61571.688552913394
64635.994912429196,2676.146236505876,Ferrari,1474304124.1597397,2053,64635.994912429196,2140.9169892047007,61959.84867592332
64983.55828855334,2656.1882246596724,Ferrari,1481741190.9024715,2054,64983.55828855334,2124.950579727738,62327.370063893664
63632.66970286118,879.5562823761356,Ferrari,1490139307.9167545,2055,63632.66970286118,703.6450259009085,62753.113420485046
94430815.88965788,-225034.17023846507,Ford,82497318621.15973,2023,94430815.88965788,-225034.17023846507,94655850.05989635
87660767.43968977,-8752916.350684568,Ford,87651015092.01659,2024,87660767.43968977,-8752916.350684568,96413683.79037434
90702067.24474655,4482236.682111219,Ford,89358615105.09291,2025,90702067.24474655,3585789.345688975,86219830.56263533
84017869.11976796,3897882.4052119553,Ford,92234822142.47,2026,84017869.11976796,3118305.9241695646,80119986.71455601
82359070.21720847,2503501.9906105846,Ford,93354498418.86987,2027,82359070.21720847,2002801.5924884677,79855568.22659789
76562244.47804326,5955374.0622059405,Ford,92939951562.41429,2028,76562244.47804326,4764299.249764753,70606870.41583732
65889318.40531964,2892957.0256403834,Ford,95229845555.2391,2029,65889318.40531964,2314365.6205123067,62996361.379679255
58591230.60815382,3991060.5150709003,Ford,95671209440.37715,2030,58591230.60815382,3192848.4120567203,54600170.09308292
48289828.81269568,2340995.94576025,Ford,96295023389.76596,2031,48289828.81269568,1872796.7566082003,45948832.86693543
42740538.75679298,4840731.400574803,Ford,96917897083.52718,2032,42740538.75679298,3872585.120459843,37899807.356218174
39955903.081706814,2298247.1447476074,Ford,99047548178.34702,2033,39955903.081706814,1838597.715798086,37657655.93695921
43318473.380747214,5820569.5396323055,Ford,98109685023.34605,2034,43318473.380747214,4656455.631705845,37497903.84111491
40725357.72163044,2853130.0377977714,Ford,98722494328.45801,2035,40725357.72163044,2282504.030238217,37872227.68383267
42645715.33691425,4340848.045301199,Ford,99384191315.0497,2036,42645715.33691425,3472678.4362409594,38304867.29161305
44474912.89643379,5797998.67559994,Ford,99846599144.49695,2037,44474912.89643379,4638398.940479952,38676914.22083385
44368390.61958255,5162227.848537132,Ford,100922447322.26077,2038,44368390.61958255,4129782.278829706,39206162.77104542
46128983.99205355,6558986.433227576,Ford,101436553469.43333,2039,46128983.99205355,5247189.146582061,39569997.55882598
45128606.03192329,5058966.108732507,Ford,102479753733.69398,2040,45128606.03192329,4047172.8869860056,40069639.92319078
47284536.03299011,6931049.5200485885,Ford,102726168307.83647,2041,47284536.03299011,5544839.616038871,40353486.512941524
45595957.00654011,4978015.57533779,Ford,103198209935.66504,2042,45595957.00654011,3982412.460270232,40617941.43120232
45583038.54094482,5367778.999703601,Ford,102549410402.80064,2043,45583038.54094482,4294223.199762881,40215259.54124122
47472713.1878201,6352798.993384533,Ford,103719357690.50111,2044,47472713.1878201,5082239.1947076265,41119914.19443557
47675286.057281084,6087691.983812161,Ford,104588076505.8285,2045,47675286.057281084,4870153.587049729,41587594.07346892
46788783.43667267,4810446.348944537,Ford,105329723377.01567,2046,46788783.43667267,3848357.07915563,41978337.087728135
48737599.09667813,6506994.335189022,Ford,105544006964.67656,2047,48737599.09667813,5205595.468151218,42230604.76148911
46893488.31239338,5063192.160361558,Ford,105058015888.06383,2048,46893488.31239338,4050553.7282892466,41830296.152031824
48309186.07974775,5549174.4511439055,Ford,106285140873.70042,2049,48309186.07974775,4439339.560915125,42760011.628603846
47387489.67686099,4738748.867600091,Ford,106499144071.31343,2050,47387489.67686099,3790999.094080073,42648740.8092609
47417823.174908414,4258995.953768872,Ford,107485427670.26057,2051,47417823.174908414,3407196.7630150975,43158827.22113954
44278956.137389526,549242.0893318579,Ford,108613525399.26575,2052,44278956.137389526,439393.6714654863,43729714.04805767
46719842.21619219,2526233.94046434,Ford,109451850417.50313,2053,46719842.21619219,2020987.1523714722,44193608.27572785
46474120.2864382,1769546.6780152693,Ford,110387027298.48325,2054,46474120.2864382,1415637.3424122157,44704573.60842293
44543815.26836575,-734488.3370219246,Ford,111514252870.14299,2055,44543815.26836575,-734488.3370219246,45278303.60538767
107525909.54252315,4617386.459288985,General Motors,88847960254.41986,2023,107525909.54252315,3693909.167431188,102908523.08323416
101992570.36076362,-3666529.5307338536,General Motors,94971855549.86172,2024,101992570.36076362,-3666529.5307338536,105659099.89149748
104774853.16611083,9121412.312142074,General Motors,96907951350.18167,2025,104774853.16611083,7297129.84971366,95653440.85396875
96828733.43170911,8186945.844830155,General Motors,99962654485.14297,2026,96828733.43170911,6549556.675864125,88641787.58687896
94617758.86442107,5962755.833103657,General Motors,101245698181.4125,2027,94617758.86442107,4770204.666482925,88655003.03131741
86542178.70485276,8148697.533798903,General Motors,100901276732.07379,2028,86542178.70485276,6518958.027039123,78393481.17105386
74436753.24761558,4500758.868315041,General Motors,103443730746.53854,2029,74436753.24761558,3600607.094652033,69935994.37930053
66366088.06938997,5780302.078727901,General Motors,103451689388.32835,2030,66366088.06938997,4624241.662982321,60585785.99066207
54509168.369828075,3414794.3033278063,General Motors,104548176017.4618,2031,54509168.369828075,2731835.442662245,51094374.06650027
47776222.71096788,5606012.812974863,General Motors,105332888165.17502,2032,47776222.71096788,4484810.25037989,42170209.89799302
44102182.44797214,2264814.111011386,General Motors,107420128443.32426,2033,44102182.44797214,1811851.2888091088,41837368.336960755
48934696.279494084,7155809.515873425,General Motors,106337274478.36441,2034,48934696.279494084,5724647.61269874,41778886.76362066
46272080.01299408,4065173.2871615365,General Motors,107005865592.12738,2035,46272080.01299408,3252138.6297292295,42206906.725832544
48941124.772495694,6255948.163249902,General Motors,107611565239.9708,2036,48941124.772495694,5004758.530599922,42685176.60924579
50473830.12640706,7380024.684245385,General Motors,108151160398.8421,2037,50473830.12640706,5904019.747396309,43093805.44216167
50862491.37420931,7194069.751114793,General Motors,109233723941.65797,2038,50862491.37420931,5755255.800891835,43668421.623094514
52933469.32565959,8868782.965425923,General Motors,109770804512.80902,2039,52933469.32565959,7095026.372340739,44064686.360233665
52025109.79018913,7419598.154502325,General Motors,110868342611.43333,2040,52025109.79018913,5935678.52360186,44605511.63568681
54044251.74437382,9141361.011442788,General Motors,111111279708.08029,2041,54044251.74437382,7313088.809154231,44902890.73293103
52444731.286273755,7269823.46397417,General Motors,111566113495.93013,2042,52444731.286273755,5815858.771179337,45174907.822299585
52396689.563969836,7620413.824674748,General Motors,110874655828.24118,2043,52396689.563969836,6096331.059739798,44776275.73929509
54264400.26642598,8581177.525430217,General Motors,112026576801.7957,2044,54264400.26642598,6864942.0203441745,45683222.740995765
54487266.171881616,8299180.466619194,General Motors,112943715301.66656,2045,54487266.171881616,6639344.373295356,46188085.70526242
52860846.654609635,6247077.117927812,General Motors,113743310826.17499,2046,52860846.654609635,4997661.69434225,46613769.53668182
55360334.82417029,8457402.666263439,General Motors,113997010285.28021,2047,55360334.82417029,6765922.133010752,46902932.15790685
53607375.435613856,7085244.004145436,General Motors,113478329084.02466,2048,53607375.435613856,5668195.20331635,46522131.43146842
54884525.032046124,7439409.019805215,General Motors,114689134867.08186,2049,54884525.032046124,5951527.215844173,47445116.01224091
54015866.05700082,6609439.758812875,General Motors,115008457185.55054,2050,54015866.05700082,5287551.8070503,47406426.29818795
53991611.94181223,6037459.4668270275,General Motors,116022758738.79716,2051,53991611.94181223,4829967.573461622,47954152.474985205
49013129.646016404,423957.75546019524,General Motors,117345308957.57806,2052,49013129.646016404,339166.2043681562,48589171.89055621
52200460.54412407,3120350.949568413,General Motors,118129977593.00984,2053,52200460.54412407,2496280.7596547306,49080109.59455565
50644647.781294495,994454.6166029051,General Motors,119199333308.11528,2054,50644647.781294495,795563.6932823241,49650193.16469159
48154244.30083986,-2114759.2559925616,General Motors,120390714836.21313,2055,48154244.30083986,-2114759.2559925616,50269003.556832425
52258121.657091424,-3499947.301911585,Honda,46654590390.6836,2023,52258121.657091424,-3499947.301911585,55758068.95900301
46992291.449142024,-10187375.262614168,Honda,49529962117.39719,2024,46992291.449142024,-10187375.262614168,57179666.71175619
48636061.05649687,-1391850.9857147262,Honda,49770955723.35761,2025,48636061.05649687,-1391850.9857147262,50027912.0422116
43726070.225067444,-1280499.4455042928,Honda,50350092121.24602,2026,43726070.225067444,-1280499.4455042928,45006569.67057174
43035127.039410986,-3348084.060145341,Honda,50712675628.40806,2027,43035127.039410986,-3348084.060145341,46383211.09955633
38723127.69917416,-2077867.060479045,Honda,50233023481.36248,2028,38723127.69917416,-2077867.060479045,40800994.7596532
34542108.072891034,-1824619.2818298563,Honda,51074183226.73004,2029,34542108.072891034,-1824619.2818298563,36366727.35472089
30265268.093047645,-1336381.0827753097,Honda,51225119233.69502,2030,30265268.093047645,-1336381.0827753097,31601649.175822955
25948037.292135898,-751924.5465055816,Honda,51500109861.65624,2031,25948037.292135898,-751924.5465055816,26699961.83864148
22607852.58833937,537007.124148272,Honda,51875564921.35686,2032,22607852.58833937,429605.6993186176,22070845.464191098
22401075.75438826,634624.6359788515,Honda,53043513796.696236,2033,22401075.75438826,507699.7087830812,21766451.11840941
21114546.963774752,-563266.6573548764,Honda,52903397507.65685,2034,21114546.963774752,-563266.6573548764,21677813.62112963
19348058.651157726,-2406067.505214706,Honda,52959399798.87401,2035,19348058.651157726,-2406067.505214706,21754126.15637243
19068483.03550681,-2832331.388040036,Honda,53177436196.99478,2036,19068483.03550681,-2832331.388040036,21900814.423546847
20666567.540832072,-1407178.889496591,Honda,53277536278.08598,2037,20666567.540832072,-1407178.889496591,22073746.430328663
19658564.106581483,-2646649.725239385,Honda,53719524462.41071,2038,19658564.106581483,-2646649.725239385,22305213.831820868
20087590.57737103,-2354535.9059534036,Honda,53849715660.053825,2039,20087590.57737103,-2354535.9059534036,22442126.483324435
19264811.67800153,-3403310.21819276,Honda,54259729449.77027,2040,19264811.67800153,-3403310.21819276,22668121.89619429
20724934.56516464,-2028870.2286635414,Honda,54183750622.30238,2041,20724934.56516464,-2028870.2286635414,22753804.793828182
19431089.704565614,-3390767.833560977,Honda,54237920226.439285,2042,19431089.704565614,-3390767.833560977,22821857.53812659
19437581.02464904,-3256285.2759440057,Honda,53855155629.286575,2043,19437581.02464904,-3256285.2759440057,22693866.300593045
20448036.301605575,-2481553.00797724,Honda,54078880994.3475,2044,20448036.301605575,-2481553.00797724,22929589.309582815
20469852.293741193,-2658574.429997161,Honda,54375167870.78796,2045,20469852.293741193,-2658574.429997161,23128426.723738354
21103051.68984018,-2186290.458504826,Honda,54545284830.774155,2046,21103051.68984018,-2186290.458504826,23289342.148345005
21306745.856181897,-2128208.9389746003,Honda,54701114939.513,2047,21306745.856181897,-2128208.9389746003,23434954.795156498
20084876.650644783,-3246620.8992944434,Honda,54441914328.13577,2048,20084876.650644783,-3246620.8992944434,23331497.549939226
20983894.03424062,-2630993.9121104777,Honda,54788933095.18901,2049,20983894.03424062,-2630993.9121104777,23614887.946351096
20365519.625834327,-3313978.825918246,Honda,54909398461.9508,2050,20365519.625834327,-3313978.825918246,23679498.451752573
20334824.204196304,-3573961.7174676135,Honda,55274712503.58113,2051,20334824.204196304,-3573961.7174676135,23908785.921663918
21617390.58104867,-2504408.5335462876,Honda,55570744290.9075,2052,21617390.58104867,-2504408.5335462876,24121799.11459496
21680417.09431565,-2664702.6993796304,Honda,55922298192.64278,2053,21680417.09431565,-2664702.6993796304,24345119.793695282
23846025.687687486,-691265.1612286828,Honda,56183194147.135056,2054,23846025.687687486,-691265.1612286828,24537290.84891617
23514483.006561596,-1269800.5829962976,Honda,56581691053.210175,2055,23514483.006561596,-1269800.5829962976,24784283.589557894
32945885.965359583,-2372108.729776114,Hyundai,27547317526.119514,2023,32945885.965359583,-2372108.729776114,35317994.6951357
29667665.149342824,-6606265.781730112,Hyundai,29385997549.957405,2024,29667665.149342824,-6606265.781730112,36273930.931072935
30958594.090380307,-604053.8088961728,Hyundai,29542623906.422066,2025,30958594.090380307,-604053.8088961728,31562647.89927648
27934616.797553062,-515224.0670373477,Hyundai,29930193471.86503,2026,27934616.797553062,-515224.0670373477,28449840.86459041
27505538.05434978,-1853328.1902133524,Hyundai,30139931784.97059,2027,27505538.05434978,-1853328.1902133524,29358866.244563133
23622074.621866863,-2301910.3792750724,Hyundai,30002456997.439106,2028,23622074.621866863,-2301910.3792750724,25923985.001141936
21123186.102074396,-1948482.9332020544,Hyundai,30435329016.271656,2029,21123186.102074396,-1948482.9332020544,23071669.03527645
18534704.728182662,-1504353.342144236,Hyundai,30550791750.9614,2030,18534704.728182662,-1504353.342144236,20039058.0703269
16157790.314547207,-807536.755251769,Hyundai,30697405669.460705,2031,16157790.314547207,-807536.755251769,16965327.069798976
14178519.94300258,128496.56863811426,Hyundai,30939462453.832184,2032,14178519.94300258,102797.2549104914,14050023.374364465
14145113.961413817,276745.5523911696,Hyundai,31537888314.487,2033,14145113.961413817,221396.4419129357,13868368.409022648
13060741.11106541,-738931.3456176184,Hyundai,31419596235.535404,2034,13060741.11106541,-738931.3456176184,13799672.456683028
11956448.257246792,-1945960.3963342402,Hyundai,31523167941.651108,2035,11956448.257246792,-1945960.3963342402,13902408.653581033
11653495.535621883,-2356404.5925684236,Hyundai,31677651530.232487,2036,11653495.535621883,-2356404.5925684236,14009900.128190307
12778485.079939535,-1349273.0499224756,Hyundai,31704779900.34542,2037,12778485.079939535,-1349273.0499224756,14127758.12986201
12029563.843064722,-2253055.418036489,Hyundai,31994118970.94073,2038,12029563.843064722,-2253055.418036489,14282619.26110121
12271914.03147345,-2113667.9751134235,Hyundai,32094516489.229588,2039,12271914.03147345,-2113667.9751134235,14385582.006586874
11712624.041977385,-2819425.927201839,Hyundai,32343346997.60009,2040,11712624.041977385,-2819425.927201839,14532049.969179224
12720870.861785388,-1876276.685703801,Hyundai,32276404561.203564,2041,12720870.861785388,-1876276.685703801,14597147.547489189
11851367.891966656,-2797396.9213202074,Hyundai,32330881012.894253,2042,11851367.891966656,-2797396.9213202074,14648764.813286863
11899520.131789576,-2665951.952501368,Hyundai,32127074412.265976,2043,11899520.131789576,-2665951.952501368,14565472.084290944
12556825.16951179,-2179427.712905025,Hyundai,32226483253.770016,2044,12556825.16951179,-2179427.712905025,14736252.882416815
12578167.45528657,-2293181.7662284225,Hyundai,32404190272.894672,2045,12578167.45528657,-2293181.7662284225,14871349.221514992
13132041.663799934,-1846796.6479154285,Hyundai,32479286119.358215,2046,13132041.663799934,-1846796.6479154285,14978838.311715363
13181097.241466057,-1891036.267629154,Hyundai,32565921846.63641,2047,13181097.241466057,-1891036.267629154,15072133.50909521
12426913.130183224,-2571433.267184833,Hyundai,32448457398.55314,2048,12426913.130183224,-2571433.267184833,14998346.397368057
13007189.25119167,-2205962.87430954,Hyundai,32648501420.15996,2049,13007189.25119167,-2205962.87430954,15213152.12550121
12629138.22438926,-2603176.271416407,Hyundai,32720303471.01413,2050,12629138.22438926,-2603176.271416407,15232314.495805668
12614724.23414473,-2764611.5023451075,Hyundai,32923738323.11065,2051,12614724.23414473,-2764611.5023451075,15379335.736489838
13805297.612817451,-1703443.837208055,Hyundai,33050951633.28035,2052,13805297.612817451,-1703443.837208055,15508741.450025506
13714381.72502176,-1939795.6827612668,Hyundai,33254801327.600662,2053,13714381.72502176,-1939795.6827612668,15654177.407783028
15400815.689504607,-370175.8877060488,Hyundai,33361838488.648804,2054,15400815.689504607,-370175.8877060488,15770991.577210655
15280828.322604192,-646728.944463918,Hyundai,33582838064.482784,2055,15280828.322604192,-646728.944463918,15927557.26706811
4405468.605796415,740735.6448335652,JLR,4527559527.616956,2023,4405468.605796415,592588.5158668522,3664732.96096285
4035716.494429175,224663.94422856392,JLR,4836034720.239174,2024,4035716.494429175,179731.15538285114,3811052.550200611
4271897.846594181,921933.0319015305,JLR,4931285958.098626,2025,4271897.846594181,737546.4255212244,3349964.8146926505
3919531.3085737345,840891.8913055267,JLR,5039954938.017064,2026,3919531.3085737345,672713.5130444214,3078639.4172682078
3809675.3053856445,710824.5516909482,JLR,5083507585.760049,2027,3809675.3053856445,568659.6413527586,3098850.7536946964
3305469.660162485,565867.9020065824,JLR,5070204194.139644,2028,3305469.660162485,452694.3216052659,2739601.758155903
2884984.2165056546,445894.8327446813,JLR,5157074615.572868,2029,2884984.2165056546,356715.86619574507,2439089.3837609733
2537636.43214872,421512.2179127154,JLR,5166430986.666012,2030,2537636.43214872,337209.77433017234,2116124.2142360047
2253746.0542161344,475705.2623961575,JLR,5174097286.797877,2031,2253746.0542161344,380564.209916926,1778040.7918199769
2026457.677925579,561810.5341430434,JLR,5189911580.308533,2032,2026457.677925579,449448.4273144348,1464647.1437825356
1990657.9756152318,533955.2491629659,JLR,5269904388.89035,2033,1990657.9756152318,427164.19933037274,1456702.7264522659
1852248.2862446213,414122.6643012846,JLR,5252551290.328013,2034,1852248.2862446213,331298.1314410277,1438125.6219433367
1681764.9754236827,231089.48726097774,JLR,5291000948.691556,2035,1681764.9754236827,184871.5898087822,1450675.488162705
1637074.8109550094,171495.0790001948,JLR,5334251201.96134,2036,1637074.8109550094,137196.06320015583,1465579.7319548146
1828113.5066458604,347858.1227378696,JLR,5356141790.433261,2037,1828113.5066458604,278286.4981902957,1480255.3839079908
1704829.9957901891,205309.06704497128,JLR,5422112892.139283,2038,1704829.9957901891,164247.25363597705,1499520.9287452179
1749009.346126084,236670.06165485247,JLR,5450119747.727502,2039,1749009.346126084,189336.04932388198,1512339.2844712315
1657727.4903956775,126816.06561591267,JLR,5509690687.828668,2040,1657727.4903956775,101452.85249273013,1530911.4247797648
1830901.2063551447,289576.55916654994,JLR,5519519408.649078,2041,1830901.2063551447,231661.24733323997,1541324.6471885948
1690304.2122610805,139791.96102103638,JLR,5547626599.12698,2042,1690304.2122610805,111833.56881682911,1550512.2512400441
1698763.3595452327,161105.44881732995,JLR,5534876952.663301,2043,1698763.3595452327,128884.35905386397,1537657.9107279028
1819783.5878487022,250120.87508573197,JLR,5575295323.494066,2044,1819783.5878487022,200096.70006858557,1569662.7127629702
1825483.071559648,239828.77183984593,JLR,5622332468.42494,2045,1825483.071559648,191863.01747187675,1585654.299719802
1921356.2838186533,325461.1196283989,JLR,5639933031.400233,2046,1921356.2838186533,260368.89570271914,1595895.1641902544
1933450.70690824,325255.63540213206,JLR,5669468609.677004,2047,1933450.70690824,260204.50832170565,1608195.071506108
1805359.8563670672,212554.64491185825,JLR,5659867725.258099,2048,1805359.8563670672,170043.7159294866,1592805.211455209
1909790.3588281902,284255.9694997703,JLR,5709131200.0728,2049,1909790.3588281902,227404.77559981626,1625534.38932842
1849798.0646308032,227348.64049260784,JLR,5737167742.826263,2050,1849798.0646308032,181878.91239408628,1622449.4241381953
1850382.6106142048,210195.45531035867,JLR,5786435167.250344,2051,1850382.6106142048,168156.36424828693,1640187.155303846
2053874.149098198,398847.42383457185,JLR,5823583392.287786,2052,2053874.149098198,319077.9390676575,1655026.725263626
2041398.9826180548,368683.2473942193,JLR,5872990032.575822,2053,2041398.9826180548,294946.59791537543,1672715.7352238356
2323839.9665988944,637962.7028544515,JLR,5905380584.399283,2054,2323839.9665988944,510370.1622835612,1685877.263744443
2311495.0274141864,606691.1887733273,JLR,5959360987.557917,2055,2311495.0274141864,485352.95101866184,1704803.8386408591
29306625.592167813,-41998.476077932864,Kia,22023325043.496162,2023,29306625.592167813,-41998.476077932864,29348624.068245746
27988498.506346267,-1441765.3378315754,Kia,23087271084.92658,2024,27988498.506346267,-1441765.3378315754,29430263.844177842
28680110.627664797,2405775.6740600206,Kia,23300380214.851288,2025,28680110.627664797,1924620.5392480167,26274334.953604776
23002133.59349216,-352330.68479118124,Kia,23726307493.9412,2026,23002133.59349216,-352330.68479118124,23354464.278283343
22615249.72153257,-1352843.5478189327,Kia,23901810178.707973,2027,22615249.72153257,-1352843.5478189327,23968093.2693515
20494709.033457275,-632044.5795922317,Kia,23639456122.78197,2028,20494709.033457275,-632044.5795922317,21126753.613049507
18305489.05274865,-509159.14832169935,Kia,24020941618.422356,2029,18305489.05274865,-509159.14832169935,18814648.20107035
16012886.82635825,-316137.4200704172,Kia,24128585704.40111,2030,16012886.82635825,-316137.4200704172,16329024.246428667
13241335.177414894,-547746.0700104348,Kia,24379757295.37606,2031,13241335.177414894,-547746.0700104348,13789081.247425329
11571755.291560583,173391.88098126464,Kia,24579603680.798958,2032,11571755.291560583,138713.50478501173,11398363.410579318
11487165.165006049,256974.59115825035,Kia,25113342429.254425,2033,11487165.165006049,205579.6729266003,11230190.573847799
10604172.472978113,-570751.3443782665,Kia,25033317228.785095,2034,10604172.472978113,-570751.3443782665,11174923.81735638
9691508.50024511,-1543223.533161467,Kia,25086390779.493233,2035,9691508.50024511,-1543223.533161467,11234732.033406576
9445995.61978998,-1873329.0686942618,Kia,25197245269.29115,2036,9445995.61978998,-1873329.0686942618,11319324.688484242
10347249.739101099,-1061242.4087298382,Kia,25214251952.19932,2037,10347249.739101099,-1061242.4087298382,11408492.147830937
9738363.7041791,-1788365.50723028,Kia,25428891813.087997,2038,9738363.7041791,-1788365.50723028,11526729.21140938
9926142.366683796,-1673159.8746407907,Kia,25485481042.78766,2039,9926142.366683796,-1673159.8746407907,11599302.241324587
9473372.620295245,-2240671.782795023,Kia,25676455906.35964,2040,9473372.620295245,-2240671.782795023,11714044.403090268
10277835.941898894,-1482973.3020884208,Kia,25620000147.473717,2041,10277835.941898894,-1482973.3020884208,11760809.243987314
9573303.015585305,-2223622.606530454,Kia,25651917494.408146,2042,9573303.015585305,-2223622.606530454,11796925.62211576
9611493.423328672,-2120891.5574591327,Kia,25464318055.19784,2043,9611493.423328672,-2120891.5574591327,11732384.980787804
10160201.72687217,-1740874.6673898697,Kia,25630925611.9223,2044,10160201.72687217,-1740874.6673898697,11901076.39426204
10183526.582599813,-1821990.6358612943,Kia,25770642921.885788,2045,10183526.582599813,-1821990.6358612943,12005517.218461107
10586358.733178627,-1458236.3033411372,Kia,25764483350.78634,2046,10586358.733178627,-1458236.3033411372,12044595.036519764
10622006.48806376,-1495026.6360011995,Kia,25834321029.165985,2047,10622006.48806376,-1495026.6360011995,12117033.12406496
10008801.962514056,-2051456.2469246164,Kia,25720449387.008636,2048,10008801.962514056,-2051456.2469246164,12060258.209438672
10479127.504806796,-1744133.888347108,Kia,25887662218.825573,2049,10479127.504806796,-1744133.888347108,12223261.393153904
10160385.77038648,-2080614.7601705752,Kia,25927608398.094852,2050,10160385.77038648,-2080614.7601705752,12241000.530557055
10147901.227241877,-2209692.15875102,Kia,26085562526.624687,2051,10147901.227241877,-2209692.15875102,12357593.385992898
11101356.5941826,-1359740.4684409238,Kia,26190153423.402004,2052,11101356.5941826,-1359740.4684409238,12461097.062623523
11027708.003248243,-1548631.3196770735,Kia,26347991223.48399,2053,11027708.003248243,-1548631.3196770735,12576339.322925316
12379939.754299939,-290116.08127281815,Kia,26438548288.20694,2054,12379939.754299939,-290116.08127281815,12670055.835572757
12281778.894248726,-512506.8729215823,Kia,26610582648.439186,2055,12281778.894248726,-512506.8729215823,12794285.767170308
-22965.040833135787,-211936.9173741454,Lucid,240025702.71206778,2023,-22965.040833135787,-211936.9173741454,188971.87654100964
-22061.848299721725,-194915.12524104255,Lucid,227608044.70608917,2024,-22061.848299721725,-194915.12524104255,172853.27694132083
-14536.37377938537,-122362.35177471726,Lucid,222656481.2980962,2025,-14536.37377938537,-122362.35177471726,107825.9779953319
-13628.948134057555,-104390.45492544702,Lucid,199774795.36905962,2026,-13628.948134057555,-104390.45492544702,90761.50679138946
-6060.417649098009,-85859.42219778,Lucid,191103885.26531366,2027,-6060.417649098009,-85859.42219778,79799.004548682
-4345.487660271619,-72300.45442546533,Lucid,174776158.98556814,2028,-4345.487660271619,-72300.45442546533,67954.9667651937
-2865.7846948049114,-63154.733670078625,Lucid,171242751.9099112,2029,-2865.7846948049114,-63154.733670078625,60288.94897527371
-1428.3089822058275,-53400.94044335911,Lucid,167352660.95700133,2030,-1428.3089822058275,-53400.94044335911,51972.63146115329
-801.2401326485074,-45167.654558553884,Lucid,163838782.34659842,2031,-801.2401326485074,-45167.654558553884,44366.41442590538
-787.9922686063238,-37629.54003413832,Lucid,161509436.7184859,2032,-787.9922686063238,-37629.54003413832,36841.547765532
-769.6251137440344,-36752.44057930975,Lucid,158897658.0167324,2033,-769.6251137440344,-36752.44057930975,35982.81546556571
-766.9453247046512,-36624.47075909962,Lucid,156875627.57087094,2034,-766.9453247046512,-36624.47075909962,35857.52543439497
-768.7945794856375,-36712.77950220128,Lucid,155866665.2597089,2035,-768.7945794856375,-36712.77950220128,35943.984922715645
-768.1187080433479,-36680.50414556541,Lucid,155063698.4345648,2036,-768.1187080433479,-36680.50414556541,35912.38543752207
-773.5593587046126,-36940.31530111383,Lucid,155511545.82183152,2037,-773.5593587046126,-36940.31530111383,36166.75594240922
-775.1556390201093,-37016.54357952566,Lucid,155199064.85997942,2038,-775.1556390201093,-37016.54357952566,36241.387940505556
-772.9375131137759,-36910.61987834424,Lucid,154140296.15742972,2039,-772.9375131137759,-36910.61987834424,36137.68236523046
-777.1262220549884,-37110.64619468549,Lucid,154373378.28341994,2040,-777.1262220549884,-37110.64619468549,36333.5199726305
-774.274751275556,-36974.47793755194,Lucid,153221560.73379728,2041,-774.274751275556,-36974.47793755194,36200.20318627638
-768.7394223350431,-36710.14554462435,Lucid,151558610.2436087,2042,-768.7394223350431,-36710.14554462435,35941.40612228931
-764.6289998244036,-36513.85769437058,Lucid,150196487.682072,2043,-764.6289998244036,-36513.85769437058,35749.228694546175
-756.7453354335332,-36137.383613810554,Lucid,148113814.4019128,2044,-756.7453354335332,-36137.383613810554,35380.638278377024
-758.8776179910645,-36239.207978159495,Lucid,148006977.5596816,2045,-758.8776179910645,-36239.207978159495,35480.33036016843
-752.362210746944,-35928.07322785926,Lucid,146227355.05159763,2046,-752.362210746944,-35928.07322785926,35175.71101711232
-765.8775098979954,-36573.47865978987,Lucid,148346610.03194955,2047,-765.8775098979954,-36573.47865978987,35807.601149891874
-761.4378182654208,-36361.46699332685,Lucid,146992056.11222008,2048,-761.4378182654208,-36361.46699332685,35600.029175061434
-761.3256528972327,-36356.110682889775,Lucid,146485469.58544773,2049,-761.3256528972327,-36356.110682889775,35594.78502999254
-764.1389596506235,-36490.456466881114,Lucid,146549324.76323277,2050,-764.1389596506235,-36490.456466881114,35726.31750723049
-766.2437362888559,-36590.96732203374,Lucid,146483193.41026044,2051,-766.2437362888559,-36590.96732203374,35824.72358574489
-768.227438876961,-36685.6964442965,Lucid,146400097.46006098,2052,-768.227438876961,-36685.6964442965,35917.469005419545
-770.0652733890576,-36773.45982739591,Lucid,146295328.46908087,2053,-770.0652733890576,-36773.45982739591,36003.39455400685
-771.6115247100862,-36847.299036618606,Lucid,146141342.79094297,2054,-771.6115247100862,-36847.299036618606,36075.687511908516
-773.850453710103,-36954.21616232687,Lucid,146124305.81763148,2055,-773.850453710103,-36954.21616232687,36180.365708616766
11113032.526947726,87198.27908788435,Mazda,7587683834.470145,2023,11113032.526947726,69758.62327030748,11025834.247859841
10130449.88602997,-1372423.1594696138,Mazda,8280035483.667231,2024,10130449.88602997,-1372423.1594696138,11502873.045499584
10482231.846492771,574685.8239923995,Mazda,8225710398.888738,2025,10482231.846492771,459748.6591939196,9907546.022500372
9595717.336054001,532491.3183220644,Mazda,8495685574.252762,2026,9595717.336054001,425993.0546576515,9063226.017731937
9463928.5493833,96316.80998528749,Mazda,8627931169.728584,2027,9463928.5493833,77053.44798823,9367611.739398012
8473994.310862519,188456.1334129041,Mazda,8654057587.51208,2028,8473994.310862519,150764.9067303233,8285538.177449615
7491430.044298255,94805.6459269179,Mazda,8878838421.984428,2029,7491430.044298255,75844.51674153433,7396624.398371337
6601739.100706221,141068.6115878392,Mazda,8984331555.452038,2030,6601739.100706221,112854.88927027136,6460670.489118381
5770025.753078374,338149.49301136937,Mazda,9073927936.01138,2031,5770025.753078374,270519.59440909553,5431876.260067005
5160231.937553344,675088.5831697192,Mazda,9193277846.2919,2032,5160231.937553344,540070.8665357754,4485143.354383625
4733158.659716092,327245.48485687934,Mazda,9497840458.961557,2033,4733158.659716092,261796.38788550347,4405913.174859213
4383485.758094479,11759.170258692466,Mazda,9431758085.179205,2034,4383485.758094479,9407.336206953973,4371726.587835787
3991854.3829696043,-420501.0860209181,Mazda,9481783293.92871,2035,3991854.3829696043,-420501.0860209181,4412355.468990522
3900072.8016153113,-567834.5604409981,Mazda,9567184153.699583,2036,3900072.8016153113,-567834.5604409981,4467907.362056309
4313146.67769205,-187888.24633242376,Mazda,9557488017.42473,2037,4313146.67769205,-187888.24633242376,4501034.924024474
4036151.7489792244,-518197.6257284484,Mazda,9655911887.11248,2038,4036151.7489792244,-518197.6257284484,4554349.374707673
4129114.483498319,-459496.25908092223,Mazda,9679165652.514685,2039,4129114.483498319,-459496.25908092223,4588610.742579241
3919473.636996368,-715511.4607640952,Mazda,9754480550.090332,2040,3919473.636996368,-715511.4607640952,4634985.097760463
4290128.29515948,-363583.5758602377,Mazda,9723443189.4085,2041,4290128.29515948,-363583.5758602377,4653711.871019717
3970762.1212912854,-701307.7791662952,Mazda,9745723390.211378,2042,3970762.1212912854,-701307.7791662952,4672069.900457581
3974213.378231942,-671992.1409999267,Mazda,9662597559.75356,2043,3974213.378231942,-671992.1409999267,4646205.519231869
4229139.02442135,-470525.8239297746,Mazda,9705292333.748959,2044,4229139.02442135,-470525.8239297746,4699664.848351125
4231675.338873011,-507039.98658037186,Mazda,9749223441.630476,2045,4231675.338873011,-507039.98658037186,4738715.325453383
4470892.420029056,-336461.1648683548,Mazda,9836882112.184275,2046,4470892.420029056,-336461.1648683548,4807353.584897411
4465056.833183251,-344193.08301007655,Mazda,9806374966.279423,2047,4465056.833183251,-344193.08301007655,4809249.916193328
4175383.7127697966,-629417.6109650857,Mazda,9788123934.325935,2048,4175383.7127697966,-629417.6109650857,4804801.323734882
4380087.954711569,-452765.38253392186,Mazda,9789990389.777893,2049,4380087.954711569,-452765.38253392186,4832853.33724549
4257709.330166197,-622374.3053657562,Mazda,9865718303.45454,2050,4257709.330166197,-622374.3053657562,4880083.635531954
4258877.43172373,-675610.0681417305,Mazda,9939873609.154343,2051,4258877.43172373,-675610.0681417305,4934487.49986546
4703478.196170642,-280980.14863952156,Mazda,9986919695.646698,2052,4703478.196170642,-280980.14863952156,4984458.344810164
4676570.353342917,-361970.9219175726,Mazda,10061896070.301786,2053,4676570.353342917,-361970.9219175726,5038541.275260489
5300125.538790595,214996.4938776968,Mazda,10100568023.522245,2054,5300125.538790595,171997.19510215745,5085129.044912898
5268487.229954796,125440.38146400917,Mazda,10182662484.711117,2055,5268487.229954796,100352.30517120735,5143046.848490787
72960.60254478306,39164.266680484,McLaren,289142101.00937694,2023,72960.60254478306,31331.413344387198,33796.335864299064
64434.75321665173,30166.32503688078,McLaren,292572257.3311324,2024,64434.75321665173,24133.060029504624,34268.42817977095
62455.90851996384,33096.11656554285,McLaren,287615993.38751537,2025,62455.90851996384,26476.89325243428,29359.79195442099
54613.876378077286,28892.541665451437,McLaren,282701042.0452298,2026,54613.876378077286,23114.033332361152,25721.33471262585
51479.46658646836,24472.76457505271,McLaren,279389623.5211853,2027,51479.46658646836,19578.21166004217,27006.70201141565
34441.431007174244,10604.661244269042,McLaren,272893560.4538753,2028,34441.431007174244,8483.728995415235,23836.7697629052
33660.69117313552,12537.502707932545,McLaren,270975218.27839845,2029,33660.69117313552,10030.002166346036,21123.188465202977
28200.39899470359,9844.650048760679,McLaren,267357014.81273732,2030,28200.39899470359,7875.720039008544,18355.748945942913
21353.645361248422,5626.055577111947,McLaren,264081786.4662007,2031,21353.645361248422,4500.844461689558,15727.589784136475
15246.857776100669,2077.95977903715,McLaren,262832170.85025638,2032,15246.857776100669,1662.36782322972,13168.89799706352
16921.615947530187,4056.8695345177257,McLaren,258494617.59962523,2033,16921.615947530187,3245.4956276141806,12864.74641301246
14663.596097540662,1776.4417354652505,McLaren,258461155.74274403,2034,14663.596097540662,1421.1533883722004,12887.154362075411
14003.536498129439,1057.6306164702382,McLaren,259149993.11257046,2035,14003.536498129439,846.1044931761907,12945.9058816592
13889.916875293062,836.7538875552382,McLaren,261066570.63844374,2036,13889.916875293062,669.4031100441906,13053.162987737824
13796.828578872344,683.2198684381856,McLaren,262050615.40069333,2037,13796.828578872344,546.5758947505485,13113.608710434159
13725.805429303875,531.6494101856806,McLaren,263437861.22328863,2038,13725.805429303875,425.3195281485445,13194.156019118194
13584.606867485601,359.24360402032835,McLaren,263840779.40274075,2039,13584.606867485601,287.3948832162627,13225.363263465273
13491.42441568085,212.4580149885387,McLaren,264693786.8687422,2040,13491.42441568085,169.96641199083098,13278.966400692312
13323.664974323332,73.45285534715549,McLaren,263908424.65875015,2041,13323.664974323332,58.7622842777244,13250.212118976176
13102.47326462148,-100.37032552037454,McLaren,262754340.94449285,2042,13102.47326462148,-100.37032552037454,13202.843590141854
16251.737452309453,3146.076156260646,McLaren,259704722.0289125,2043,16251.737452309453,2516.860925008517,13105.661296048807
13576.89381567341,509.4035653394276,McLaren,259581883.03676745,2044,13576.89381567341,407.5228522715421,13067.490250333982
13441.713697004885,340.74113144643707,McLaren,260047660.2186056,2045,13441.713697004885,272.5929051571497,13100.972565558448
13271.804578320764,-14.286549032118273,McLaren,263508873.00015336,2046,13271.804578320764,-14.286549032118273,13286.091127352882
13120.814306849985,-167.45816434730114,McLaren,263355319.10288644,2047,13120.814306849985,-167.45816434730114,13288.272471197286
13374.051586486394,69.74474016610293,McLaren,263240311.28122547,2048,13374.051586486394,55.79579213288235,13304.30684632029
13188.706607186374,-117.70835798399457,McLaren,263092697.92546964,2049,13188.706607186374,-117.70835798399457,13306.414965170368
13023.132855204556,-364.8421123225071,McLaren,264512995.34889948,2050,13023.132855204556,-364.8421123225071,13387.974967527063
12851.093146399859,-606.268433453266,McLaren,265692475.89763656,2051,12851.093146399859,-606.268433453266,13457.361579853125
12667.822194143379,-857.0935502870034,McLaren,266834772.71830687,2052,12667.822194143379,-857.0935502870034,13524.915744430382
12505.630870620795,-1084.3634494448015,McLaren,267929382.33451527,2053,12505.630870620795,-1084.3634494448015,13589.994320065596
12524.207200029297,-1126.1546982626842,McLaren,268980613.55752164,2054,12524.207200029297,-1126.1546982626842,13650.361898291982
12127.415738936494,-1595.6773066826481,McLaren,270171730.5892845,2055,12127.415738936494,-1595.6773066826481,13723.093045619142
17043636.577903625,774618.8916223496,Mercedes Benz,22290947888.949486,2023,17043636.577903625,619695.1132978797,16269017.686281275
16227494.454301618,-340626.477430176,Mercedes Benz,23329758263.389706,2024,16227494.454301618,-340626.477430176,16568120.931731794
16103755.720379144,1469144.5839424636,Mercedes Benz,23552211355.526077,2025,16103755.720379144,1175315.667153971,14634611.13643668
14915891.694006758,1512700.6463584602,Mercedes Benz,23868867099.34797,2026,14915891.694006758,1210160.5170867683,13403191.047648298
14101335.965128386,704846.0893572029,Mercedes Benz,23981673438.514896,2027,14101335.965128386,563876.8714857623,13396489.875771184
12771522.078530557,933863.906849958,Mercedes Benz,23714246920.15557,2028,12771522.078530557,747091.1254799664,11837658.1716806
11377363.289771566,826852.2355790157,Mercedes Benz,23988907546.332024,2029,11377363.289771566,661481.7884632125,10550511.05419255
9430752.289060378,272340.3875690028,Mercedes Benz,24129405922.905823,2030,9430752.289060378,217872.31005520225,9158411.901491376
8200035.7311110515,471880.37617316656,Mercedes Benz,24084646568.66736,2031,8200035.7311110515,377504.30093853327,7728155.354937885
7093742.833483292,679752.9540992379,Mercedes Benz,24243228968.151886,2032,7093742.833483292,543802.3632793904,6413989.879384054
7608398.448570923,1278661.7093015257,Mercedes Benz,24268188102.8894,2033,7608398.448570923,1022929.3674412207,6329736.739269397
7016985.903859558,741841.891971101,Mercedes Benz,24197018258.6017,2034,7016985.903859558,593473.5135768809,6275144.0118884565
6405244.821188434,82865.33164382167,Mercedes Benz,24325491731.777256,2035,6405244.821188434,66292.26531505735,6322379.489544612
6255904.60600954,-133944.18712172098,Mercedes Benz,24522862684.280785,2036,6255904.60600954,-133944.18712172098,6389848.793131261
6869980.141906447,429182.37878397945,Mercedes Benz,24599994826.14566,2037,6869980.141906447,343345.9030271836,6440797.763122467
6460536.068507049,-56164.31355385482,Mercedes Benz,24849650277.11649,2038,6460536.068507049,-56164.31355385482,6516700.382060904
6596826.854545745,28134.092678424902,Mercedes Benz,24966440581.548374,2039,6596826.854545745,22507.274142739923,6568692.76186732
6289832.272275411,-349505.0455274293,Mercedes Benz,25190268165.699368,2040,6289832.272275411,-349505.0455274293,6639337.31780284
6845877.963710152,172526.50777984876,Mercedes Benz,25203150284.616467,2041,6845877.963710152,138021.206223879,6673351.455930303
6371991.422878809,-332546.1479175743,Mercedes Benz,25273996926.595524,2042,6371991.422878809,-332546.1479175743,6704537.570796384
6382357.375669955,-270192.9383131685,Mercedes Benz,25170821463.650894,2043,6382357.375669955,-270192.9383131685,6652550.313983124
6769155.812573735,8982.489038472995,Mercedes Benz,25304562936.241875,2044,6769155.812573735,7185.991230778396,6760173.323535262
6780445.806566809,-43815.39765211288,Mercedes Benz,25475537494.24822,2045,6780445.806566809,-43815.39765211288,6824261.204218922
7101143.836199185,208073.68461171258,Mercedes Benz,25649752281.26554,2046,7101143.836199185,166458.94768937008,6893070.151587472
7113878.570250577,195947.43886628002,Mercedes Benz,25690775376.15396,2047,7113878.570250577,156757.95109302402,6917931.131384297
6735281.01374322,-140161.8432391174,Mercedes Benz,25663107682.867805,2048,6735281.01374322,-140161.8432391174,6875442.856982337
7058350.19428319,67117.0073530944,Mercedes Benz,25832009216.432808,2049,7058350.19428319,53693.60588247553,6991233.186930096
6824498.929151231,-166192.93020931818,Mercedes Benz,25968751677.72594,2050,6824498.929151231,-166192.93020931818,6990691.85936055
6822483.241500156,-245289.5063356124,Mercedes Benz,26184573121.65451,2051,6822483.241500156,-245289.5063356124,7067772.747835768
7488207.273554188,353349.26449983474,Mercedes Benz,26361294074.759686,2052,7488207.273554188,282679.4115998678,7134858.009054353
7444087.672350956,232381.10377676506,Mercedes Benz,26576222365.90143,2053,7444087.672350956,185904.88302141207,7211706.568574191
8387912.398878229,1115376.7876809957,Mercedes Benz,26736968119.09099,2054,8387912.398878229,892301.4301447966,7272535.611197233
8326803.34241519,971893.0310309594,Mercedes Benz,26970006607.738483,2055,8326803.34241519,777514.4248247676,7354910.311384231
5726351.4080943735,17209.56388196256,Mitsubishi,4233895082.7598343,2023,5726351.4080943735,13767.651105570048,5709141.844212411
5244215.542865186,-728915.6052533984,Mitsubishi,4640271316.412875,2024,5244215.542865186,-728915.6052533984,5973131.148118584
5408750.098822921,257024.70630632527,Mitsubishi,4588030847.945188,2025,5408750.098822921,205619.76504506022,5151725.392516595
4973667.876469459,277950.58505704626,Mitsubishi,4758855731.730839,2026,4973667.876469459,222360.468045637,4695717.291412413
4926067.802215906,-93723.73030583188,Mitsubishi,4841076959.399281,2027,4926067.802215906,-93723.73030583188,5019791.532521738
4089652.9145704503,-365705.3595430567,Mitsubishi,4855562962.648035,2028,4089652.9145704503,-365705.3595430567,4455358.274113507
3616457.3303894987,-366990.7419298864,Mitsubishi,4964077958.942288,2029,3616457.3303894987,-366990.7419298864,3983448.072319385
3201290.984601781,-284971.1313201459,Mitsubishi,5009595995.246728,2030,3201290.984601781,-284971.1313201459,3486262.1159219267
2846539.761138619,-109906.5783119332,Mitsubishi,5044815050.499654,2031,2846539.761138619,-109906.5783119332,2956446.339450552
2562861.843303669,106621.00004609441,Mitsubishi,5105416624.976215,2032,2562861.843303669,85296.80003687553,2456240.8432575744
2533362.0634907545,118553.08382059215,Mitsubishi,5220476090.71413,2033,2533362.0634907545,94842.46705647372,2414808.9796701623
2361897.3420952098,-50152.61056535272,Mitsubishi,5210286814.750159,2034,2361897.3420952098,-50152.61056535272,2412049.9526605625
2152601.514831164,-281225.79087235034,Mitsubishi,5239079597.805312,2035,2152601.514831164,-281225.79087235034,2433827.3057035143
2105440.273533472,-361293.51964298496,Mitsubishi,5292496485.649912,2036,2105440.273533472,-361293.51964298496,2466733.793176457
2329031.19001542,-154255.22757254494,Mitsubishi,5282229195.706301,2037,2329031.19001542,-154255.22757254494,2483286.417587965
2179441.711497755,-332859.25631784555,Mitsubishi,5338806972.395369,2038,2179441.711497755,-332859.25631784555,2512300.9678156003
2230600.632967899,-303420.8961958266,Mitsubishi,5368813937.396568,2039,2230600.632967899,-303420.8961958266,2534021.5291637257
2117008.3816405577,-441489.72903775703,Mitsubishi,5411537046.943598,2040,2117008.3816405577,-441489.72903775703,2558498.1106783147
2317755.517564486,-249837.69400528213,Mitsubishi,5390093235.806291,2041,2317755.517564486,-249837.69400528213,2567593.211569768
2145308.769559261,-432047.96989386296,Mitsubishi,5405118188.425099,2042,2145308.769559261,-432047.96989386296,2577356.739453124
2152406.322756414,-414710.87198816566,Mitsubishi,5365570956.611439,2043,2152406.322756414,-414710.87198816566,2567117.1947445795
2285627.272277831,-305413.7383010923,Mitsubishi,5380087737.799967,2044,2285627.272277831,-305413.7383010923,2591041.0105789234
2286610.9213521536,-324330.9431130998,Mitsubishi,5402246787.026313,2045,2286610.9213521536,-324330.9431130998,2610941.8644652534
2422601.3524262505,-233912.18284877203,Mitsubishi,5463958081.654039,2046,2422601.3524262505,-233912.18284877203,2656513.5352750225
2415145.5146207903,-235051.316668096,Mitsubishi,5433581098.977647,2047,2415145.5146207903,-235051.316668096,2650196.8312888863
2267221.13105048,-389283.46113973716,Mitsubishi,5440136105.849081,2048,2267221.13105048,-389283.46113973716,2656504.592190217
2381696.83943648,-292910.72522179596,Mitsubishi,5446806759.447495,2049,2381696.83943648,-292910.72522179596,2674607.564658276
2312872.472815482,-384281.43424680596,Mitsubishi,5482231059.418169,2050,2312872.472815482,-384281.43424680596,2697153.907062288
2315257.4660779806,-413012.4814208895,Mitsubishi,5526518528.706078,2051,2315257.4660779806,-413012.4814208895,2728269.94749887
2558212.7930634595,-199559.5332971029,Mitsubishi,5554610200.690739,2052,2558212.7930634595,-199559.5332971029,2757772.3263605624
2545363.636705652,-243331.45717794402,Mitsubishi,5599511104.102125,2053,2545363.636705652,-243331.45717794402,2788695.093883596
2884360.4081434654,67677.10353479348,Mitsubishi,5622856883.989034,2054,2884360.4081434654,54141.68282783479,2816683.304608672
2870093.8174588173,20351.46163116023,Mitsubishi,5671713841.561143,2055,2870093.8174588173,16281.169304928184,2849742.355827657
29869319.215316873,858243.0966795906,Nissan,22540651740.657604,2023,29869319.215316873,686594.4773436725,29011076.118637282
27387344.94812894,-2145232.6107976474,Nissan,23938412188.452446,2024,27387344.94812894,-2145232.6107976474,29532577.558926586
27919826.092213266,1924431.0852871984,Nissan,24096682355.18658,2025,27919826.092213266,1539544.868229759,25995395.006926067
25232623.62469233,1821713.0932723172,Nissan,24465294785.235874,2026,25232623.62469233,1457370.4746178538,23410910.53142001
24690949.773054447,592473.2906799875,Nissan,24658305794.61041,2027,24690949.773054447,473978.63254399004,24098476.48237446
21768150.019730423,522177.54968701303,Nissan,24484179275.352932,2028,21768150.019730423,417742.03974961047,21245972.47004341
19384438.71417184,456690.0424749777,Nissan,24874975241.334137,2029,19384438.71417184,365352.03397998214,18927748.671696864
16943969.69520484,491683.6689425446,Nissan,25016139812.61795,2030,16943969.69520484,393346.9351540357,16452286.026262295
13855741.372124515,-111629.36716803908,Nissan,25321197716.870163,2031,13855741.372124515,-111629.36716803908,13967370.739292555
11743521.78963264,159370.35913359746,Nissan,25614183511.296337,2032,11743521.78963264,127496.28730687797,11584151.430499043
11266453.603373388,-147212.19137365185,Nissan,26256337520.964344,2033,11266453.603373388,-147212.19137365185,11413665.79474704
11494806.06733685,136215.88657121174,Nissan,25980654505.89847,2034,11494806.06733685,108972.70925696939,11358590.180765638
10813330.611182092,-633252.0290428158,Nissan,26026932332.42298,2035,10813330.611182092,-633252.0290428158,11446582.640224908
11131584.48800725,-403560.4363260977,Nissan,26100625025.046394,2036,11131584.48800725,-403560.4363260977,11535144.924333347
11540877.712267913,-85827.83708240464,Nissan,26174556616.877567,2037,11540877.712267913,-85827.83708240464,11626705.549350318
11459133.669594662,-290033.3501001019,Nissan,26348691667.603188,2038,11459133.669594662,-290033.3501001019,11749167.019694764
11791743.239916585,-35856.17058220878,Nissan,26416590842.75049,2039,11791743.239916585,-35856.17058220878,11827599.410498794
11543941.111431452,-394708.9596146215,Nissan,26581913419.653934,2040,11543941.111431452,-394708.9596146215,11938650.071046073
11997008.000607599,13247.854979252443,Nissan,26554629368.4335,2041,11997008.000607599,10598.283983401954,11983760.145628346
11576014.29561948,-439243.4213497285,Nissan,26549819902.175434,2042,11576014.29561948,-439243.4213497285,12015257.716969209
11561249.860093078,-365111.53115273826,Nissan,26353131797.02849,2043,11561249.860093078,-365111.53115273826,11926361.391245816
11915623.091799367,-146616.518882256,Nissan,26446299490.531944,2044,11915623.091799367,-146616.518882256,12062239.610681623
11935106.89247491,-229352.68871639483,Nissan,26577430070.018074,2045,11935106.89247491,-229352.68871639483,12164459.581191305
11749619.73339107,-507312.7226122059,Nissan,26704070506.020306,2046,11749619.73339107,-507312.7226122059,12256932.456003277
12124926.532936735,-209812.25101049617,Nissan,26751015845.31803,2047,12124926.532936735,-209812.25101049617,12334738.783947231
11690047.005365789,-577485.0996741615,Nissan,26623654512.64275,2048,11690047.005365789,-577485.0996741615,12267532.10503995
11963778.028323412,-468422.37411732227,Nissan,26776263785.79844,2049,11963778.028323412,-468422.37411732227,12432200.402440734
11741797.703752574,-706103.8983896952,Nissan,26837734241.889294,2050,11741797.703752574,-706103.8983896952,12447901.602142269
11712694.70430645,-848075.287368035,Nissan,26994092957.373474,2051,11712694.70430645,-848075.287368035,12560769.991674485
11133030.616971985,-1550630.2290035672,Nissan,27194266310.486877,2052,11133030.616971985,-1550630.2290035672,12683660.845975552
11578653.750402037,-1207983.979905922,Nissan,27312884218.15869,2053,11578653.750402037,-1207983.979905922,12786637.730307959
11627584.369302133,-1268401.1506770235,Nissan,27480656021.396004,2054,11627584.369302133,-1268401.1506770235,12895985.519979157
11175076.637264602,-1846555.463448286,Nissan,27658371965.404858,2055,11175076.637264602,-1846555.463448286,13021632.100712888
-264438.66804673016,-2636050.5872713295,Rivian,1809606594.2161226,2023,-264438.66804673016,-2636050.5872713295,2371611.9192245994
-277567.4191697416,-2641224.2476605107,Rivian,1869764288.5132291,2024,-277567.4191697416,-2641224.2476605107,2363656.828490769
-191416.79156564194,-1714914.4414643324,Rivian,1909107849.3413687,2025,-191416.79156564194,-1714914.4414643324,1523497.6498986904
-196108.6094786389,-1620581.022652898,Rivian,1834476488.7940385,2026,-196108.6094786389,-1620581.022652898,1424472.413174259
-86441.62690192186,-1468259.121369935,Rivian,1792007348.8415506,2027,-86441.62690192186,-1468259.121369935,1381817.4944680133
-63858.917774392554,-1278091.3875113458,Rivian,1725061604.8116462,2028,-63858.917774392554,-1278091.3875113458,1214232.4697369533
-43182.132660981144,-1121696.7466780155,Rivian,1701130114.8094964,2029,-43182.132660981144,-1121696.7466780155,1078514.6140170344
-21069.08184108218,-919002.1311296867,Rivian,1654582647.7227495,2030,-21069.08184108218,-919002.1311296867,897933.0492886045
-12293.242180864896,-763523.9358193638,Rivian,1634939397.1531186,2031,-12293.242180864896,-763523.9358193638,751230.6936384989
-12223.642008813009,-629499.2167637774,Rivian,1632252466.3429828,2032,-12223.642008813009,-629499.2167637774,617275.5747549644
-12044.00589030623,-620259.5098061885,Rivian,1627069583.738364,2033,-12044.00589030623,-620259.5098061885,608215.5039158823
-12135.756189167481,-625003.3977925584,Rivian,1616343311.7704647,2034,-12135.756189167481,-625003.3977925584,612867.6416033909
-12278.626719677284,-632372.3153005473,Rivian,1613276556.8885005,2035,-12278.626719677284,-632372.3153005473,620093.68858087
-12424.845954418475,-639916.232390811,Rivian,1622107509.652904,2036,-12424.845954418475,-639916.232390811,627491.3864363924
-12561.828711255244,-646979.1927983573,Rivian,1629792539.1835234,2037,-12561.828711255244,-646979.1927983573,634417.3640871021
-12749.154884417445,-656642.5757763152,Rivian,1644021892.3705642,2038,-12749.154884417445,-656642.5757763152,643893.4208918978
-12879.49232544134,-663369.2685772104,Rivian,1650909114.7168696,2039,-12879.49232544134,-663369.2685772104,650489.776251769
-13058.120521066483,-672582.4649131084,Rivian,1663991598.161439,2040,-13058.120521066483,-672582.4649131084,659524.3443920419
-13172.27120811313,-678478.0796678889,Rivian,1668867385.1956277,2041,-13172.27120811313,-678478.0796678889,665305.8084597758
-13275.812972549482,-683826.914412458,Rivian,1672457355.729076,2042,-13275.812972549482,-683826.914412458,670551.1014399085
-13380.431976112235,-689233.118497005,Rivian,1676241448.1746287,2043,-13380.431976112235,-689233.118497005,675852.6865208928
-13483.175454533106,-694544.2241148553,Rivian,1679843840.1023352,2044,-13483.175454533106,-694544.2241148553,681061.0486603222
-13656.32429664402,-703476.6891824055,Rivian,1692220812.5550878,2045,-13656.32429664402,-703476.6891824055,689820.3648857614
-13771.1709580726,-709411.2742551424,Rivian,1697364091.433686,2046,-13771.1709580726,-709411.2742551424,695640.1032970698
-13885.132037900576,-715286.7726873332,Rivian,1702427721.1131694,2047,-13885.132037900576,-715286.7726873332,701401.6406494325
-13974.759121064499,-719917.9398237582,Rivian,1704548316.287446,2048,-13974.759121064499,-719917.9398237582,705943.1807026938
-14086.013595112181,-725658.1910654493,Rivian,1709348151.0161543,2049,-14086.013595112181,-725658.1910654493,711572.1774703371
-14273.211945264395,-735315.8734237006,Rivian,1723341697.010517,2050,-14273.211945264395,-735315.8734237006,721042.6614784362
-14449.345992797937,-744403.8916929773,Rivian,1735938014.7683759,2051,-14449.345992797937,-744403.8916929773,729954.5457001793
-14625.243241882157,-753480.0366754241,Rivian,1748452095.6095507,2052,-14625.243241882157,-753480.0366754241,738854.7934335419
-14800.384583796938,-762517.5625374172,Rivian,1760823357.218487,2053,-14800.384583796938,-762517.5625374172,747717.1779536202
-14971.885388492017,-771367.8471854617,Rivian,1772712402.8424153,2054,-14971.885388492017,-771367.8471854617,756395.9617969696
-15158.886623634455,-781017.0615000312,Rivian,1786381905.8698497,2055,-15158.886623634455,-781017.0615000312,765858.1748763967
95488663.9990339,5446117.796665162,Stellantis,78074640623.05923,2023,95488663.9990339,4356894.23733213,90042546.20236874
90899462.13417171,-1340741.181548193,Stellantis,83211333050.97057,2024,90899462.13417171,-1340741.181548193,92240203.3157199
92817299.78030841,9110956.155634731,Stellantis,84761562463.33932,2025,92817299.78030841,7288764.924507786,83706343.62467368
85687520.95283914,8269877.601414412,Stellantis,87039670979.34122,2026,85687520.95283914,6615902.08113153,77417643.35142472
83705910.50335221,6817837.844412237,Stellantis,88148765858.08167,2027,83705910.50335221,5454270.275529791,76888072.65893997
77169633.24976332,9266426.948478788,Stellantis,87633484149.94402,2028,77169633.24976332,7413141.558783031,67903206.30128454
66743294.37234568,6059630.88336166,Stellantis,89925457243.25095,2029,66743294.37234568,4847704.706689328,60683663.48898402
58586059.02323857,6072069.06948363,Stellantis,90354275156.2485,2030,58586059.02323857,4857655.2555869045,52513989.95375494
49381766.65093254,5185171.656807013,Stellantis,91327783456.29208,2031,49381766.65093254,4148137.3254456106,44196594.99412553
42884373.766379796,6410425.30896347,Stellantis,92308930784.0555,2032,42884373.766379796,5128340.247170776,36473948.457416326
39722411.6825327,3803056.0417475253,Stellantis,93475645989.55753,2033,39722411.6825327,3042444.8333980204,35919355.64078517
43087078.61613944,7255752.336846292,Stellantis,92544754499.8123,2034,43087078.61613944,5804601.869477034,35831326.27929315
40726848.325096235,4547728.608376436,Stellantis,93112819972.98053,2035,40726848.325096235,3638182.886701149,36179119.7167198
42664565.59118447,6096631.37111868,Stellantis,93594255876.68095,2036,42664565.59118447,4877305.096894944,36567934.22006579
44232287.3353568,7310429.6712658405,Stellantis,94074259553.58124,2037,44232287.3353568,5848343.737012673,36921857.66409096
44304607.135133,6892388.4100186005,Stellantis,95011901715.48996,2038,44304607.135133,5513910.728014881,37412218.7251144
45976609.139662504,8241208.3193715885,Stellantis,95389593661.99036,2039,45976609.139662504,6592966.655497272,37735400.820290916
45139068.69290345,6930022.599731319,Stellantis,96366369538.16135,2040,45139068.69290345,5544018.0797850555,38209046.09317213
47039192.440920234,8564523.264902584,Stellantis,96597937387.6471,2041,47039192.440920234,6851618.611922068,38474669.17601765
45562471.05734436,6848920.895621285,Stellantis,96997012745.44353,2042,45562471.05734436,5479136.716497028,38713550.16172308
45555134.74980912,7202118.650808156,Stellantis,96433366658.67386,2043,45555134.74980912,5761694.920646525,38353016.09900097
47346312.538387746,8039306.862707153,Stellantis,97691653354.79068,2044,47346312.538387746,6431445.490165723,39307005.67568059
47492124.236067384,7864483.266630575,Stellantis,98354095465.9057,2045,47492124.236067384,6291586.61330446,39627640.96943681
46453411.83243915,6508962.376698323,Stellantis,98936196461.14728,2046,46453411.83243915,5207169.901358658,39944449.455740824
48397432.458310306,8175527.954799935,Stellantis,99246560366.79001,2047,48397432.458310306,6540422.363839949,40221904.50351037
47049137.46334838,7205861.431145534,Stellantis,98700624237.16724,2048,47049137.46334838,5764689.144916427,39843276.03220285
48170298.73351858,7374827.290935308,Stellantis,100023513418.9914,2049,48170298.73351858,5899861.832748246,40795471.44258327
47279968.290249825,6667350.409762368,Stellantis,100113934520.34093,2050,47279968.290249825,5333880.327809894,40612617.88048746
47303494.092589796,6209458.274445571,Stellantis,101018413256.09483,2051,47303494.092589796,4967566.619556457,41094035.818144225
43979179.84971465,2343401.5106853247,Stellantis,102177825400.92207,2052,43979179.84971465,1874721.20854826,41635778.33902933
46412301.99655253,4338947.858918466,Stellantis,102891564654.8297,2053,46412301.99655253,3471158.2871347726,42073354.13763406
45847067.35822135,3286565.3093644977,Stellantis,103838896633.50793,2054,45847067.35822135,2629252.247491598,42560502.048856854
43967112.50947038,865394.3158049434,Stellantis,104902748259.92386,2055,43967112.50947038,692315.4526439548,43101718.19366544
26337072.298416745,523185.6583140418,Subaru,19004815713.016014,2023,26337072.298416745,418548.52665123343,25813886.640102703
23710756.133352935,-3144569.566115327,Subaru,20577269581.246223,2024,23710756.133352935,-3144569.566115327,26855325.699468262
24575479.697122633,1365213.5107937418,Subaru,20504602285.390007,2025,24575479.697122633,1092170.8086349934,23210266.18632889
22439857.023818612,1247015.7581891231,Subaru,21118947985.023674,2026,22439857.023818612,997612.6065512985,21192841.26562949
22119820.893277597,218537.37347022817,Subaru,21431434093.62181,2027,22119820.893277597,174829.89877618256,21901283.51980737
19850738.76515944,491605.0156141259,Subaru,21422000186.428753,2028,19850738.76515944,393284.0124913007,19359133.749545313
17518349.365957245,205485.03841000423,Subaru,21983852225.26089,2029,17518349.365957245,164388.0307280034,17312864.32754724
15444713.686769806,354152.2322092708,Subaru,22210394241.408203,2030,15444713.686769806,283321.78576741664,15090561.454560535
13541518.227248887,856373.6724477392,Subaru,22401540853.859222,2031,13541518.227248887,685098.9379581914,12685144.554801147
12142736.480878515,1676581.73766605,Subaru,22654876038.172558,2032,12142736.480878515,1341265.39013284,10466154.743212465
11212021.376622457,958480.4946235958,Subaru,23236038316.30472,2033,11212021.376622457,766784.3956988767,10253540.881998861
10394651.30944881,205038.28212462366,Subaru,23110022852.15462,2034,10394651.30944881,164030.62569969893,10189613.027324187
9459157.619441926,-827078.8343926277,Subaru,23238668266.308388,2035,9459157.619441926,-827078.8343926277,10286236.453834554
9233371.224297158,-1176610.1453734543,Subaru,23438093414.506287,2036,9233371.224297158,-1176610.1453734543,10409981.369670613
10229863.935467558,-260785.0408174079,Subaru,23434055943.922043,2037,10229863.935467558,-260785.0408174079,10490648.976284966
9563992.134688338,-1052397.6122511234,Subaru,23676952597.92349,2038,9563992.134688338,-1052397.6122511234,10616389.746939462
9786931.808802478,-908415.7362989467,Subaru,23737745458.061943,2039,9786931.808802478,-908415.7362989467,10695347.545101425
9285785.352696622,-1522337.2681844383,Subaru,23932493372.343983,2040,9285785.352696622,-1522337.2681844383,10808122.62088106
10178789.409001851,-674720.6022381745,Subaru,23870840967.337696,2041,10178789.409001851,-674720.6022381745,10853510.011240026
9412996.205812173,-1485579.6848406289,Subaru,23928155295.92764,2042,9412996.205812173,-1485579.6848406289,10898575.890652802
9446101.988675745,-1411160.6869602948,Subaru,23786587553.51757,2043,9446101.988675745,-1411160.6869602948,10857262.67563604
10037989.004150616,-928545.0379005354,Subaru,23848549278.643723,2044,10037989.004150616,-928545.0379005354,10966534.042051151
10047546.977051647,-1014447.0397326481,Subaru,23969027604.92883,2045,10047546.977051647,-1014447.0397326481,11061994.016784295
10607933.437608186,-593724.1811457053,Subaru,24150579730.17495,2046,10607933.437608186,-593724.1811457053,11201657.618753891
10609656.073220339,-614484.8005429823,Subaru,24117372322.61271,2047,10609656.073220339,-614484.8005429823,11224140.873763321
9931659.615236824,-1291826.2144325431,Subaru,24111710681.398037,2048,9931659.615236824,-1291826.2144325431,11223485.829669368
10458783.175716918,-871895.14266547,Subaru,24183691852.166832,2049,10458783.175716918,-871895.14266547,11330678.318382388
10133535.121389337,-1268744.7673045546,Subaru,24318209328.192177,2050,10133535.121389337,-1268744.7673045546,11402279.888693891
10135350.279896868,-1392320.0489602163,Subaru,24501643467.17613,2051,10135350.279896868,-1392320.0489602163,11527670.328857085
11204582.224634478,-438320.29368538037,Subaru,24628812477.261795,2052,11204582.224634478,-438320.29368538037,11642902.518319858
11138654.108293112,-628839.4023234248,Subaru,24813664119.519707,2053,11138654.108293112,-628839.4023234248,11767493.510616537
12635998.134321207,761048.1738506332,Subaru,24923347337.822,2054,12635998.134321207,608838.5390805065,11874949.960470574
12561018.491090793,552639.2694090419,Subaru,25126516676.274075,2055,12561018.491090793,442111.4155272335,12008379.221681751
-4505358.137295968,-38779620.784318015,Tesla,30486095865.7528,2023,-4505358.137295968,-38779620.784318015,34274262.647022046
-4593674.693691683,-37809977.88963273,Tesla,30581095555.534676,2024,-4593674.693691683,-37809977.88963273,33216303.195941046
-3105680.1938888277,-24183722.044259604,Tesla,30629286170.415966,2025,-3105680.1938888277,-24183722.044259604,21078041.850370776
-3093267.656584859,-21963430.65206694,Tesla,28851799032.114716,2026,-3093267.656584859,-21963430.65206694,18870162.99548208
-1374967.4830529178,-19556652.340540215,Tesla,28026762695.36853,2027,-1374967.4830529178,-19556652.340540215,18181684.8574873
-1011006.512041393,-16622118.237871353,Tesla,26401494030.859623,2028,-1011006.512041393,-16622118.237871353,15611111.725829959
-674112.0108977568,-14505990.867769895,Tesla,25925812994.427723,2029,-674112.0108977568,-14505990.867769895,13831878.856872138
-332907.57487625023,-12289281.467694854,Tesla,25516779751.893307,2030,-332907.57487625023,-12289281.467694854,11956373.892818604
-190815.52489889675,-10309071.24111746,Tesla,25133480520.357014,2031,-190815.52489889675,-10309071.24111746,10118255.716218565
-189144.06519569957,-8566186.184513466,Tesla,24980943714.463272,2032,-189144.06519569957,-8566186.184513466,8377042.119317767
-185815.477196605,-8414911.34648913,Tesla,24756338370.75356,2033,-185815.477196605,-8414911.34648913,8229095.869292525
-186498.650504136,-8445285.904718524,Tesla,24563276079.288242,2034,-186498.650504136,-8445285.904718524,8258787.254214387
-188074.01962095476,-8515965.222508773,Tesla,24500320946.656223,2035,-188074.01962095476,-8515965.222508773,8327891.202887819
-189653.31370117856,-8586815.183230182,Tesla,24568827182.614265,2036,-189653.31370117856,-8586815.183230182,8397161.869529003
-191309.41281087126,-8661358.824561916,Tesla,24655000692.28542,2037,-191309.41281087126,-8661358.824561916,8470049.411751045
-193318.92223763833,-8751451.789756963,Tesla,24781552303.41459,2038,-193318.92223763833,-8751451.789756963,8558132.867519325
-194519.6060197939,-8804962.16424403,Tesla,24805215616.39565,2039,-194519.6060197939,-8804962.16424403,8610442.558224237
-196428.07817642187,-8890477.37731787,Tesla,24923569324.889057,2040,-196428.07817642187,-8890477.37731787,8694049.299141448
-197260.22832294498,-8927202.662422115,Tesla,24903772256.267982,2041,-197260.22832294498,-8927202.662422115,8729942.43409917
-197798.45104553524,-8950376.600372456,Tesla,24846677598.638557,2042,-197798.45104553524,-8950376.600372456,8752578.14932692
-198297.57771026716,-8971770.287401116,Tesla,24788134992.225723,2043,-198297.57771026716,-8971770.287401116,8773472.709690848
-198689.34461785413,-8988200.256612064,Tesla,24714724620.481026,2044,-198689.34461785413,-8988200.256612064,8789510.91199421
-200470.75769996285,-9067931.764038738,Tesla,24820949725.162052,2045,-200470.75769996285,-9067931.764038738,8867461.006338775
-201446.41409798386,-9111450.99123644,Tesla,24823574291.282837,2046,-201446.41409798386,-9111450.99123644,8910004.577138457
-203149.84946240508,-9188794.127205653,Tesla,24935175970.076363,2047,-203149.84946240508,-9188794.127205653,8985644.277743248
-203739.88910072972,-9214719.046187036,Tesla,24895390405.29108,2048,-203739.88910072972,-9214719.046187036,9010979.157086305
-204817.05606477996,-9262803.865828054,Tesla,24918984124.689934,2049,-204817.05606477996,-9262803.865828054,9057986.809763273
-206784.4408004622,-9350966.795041882,Tesla,25050523054.995567,2050,-206784.4408004622,-9350966.795041882,9144182.35424142
-208577.62127289563,-9431240.121744411,Tesla,25160956499.146137,2051,-208577.62127289563,-9431240.121744411,9222662.500471516
-210354.21840088407,-9510752.493143342,Tesla,25269473173.1359,2052,-210354.21840088407,-9510752.493143342,9300398.274742458
-212106.9745813663,-9589176.075941706,Tesla,25375218221.258904,2053,-212106.9745813663,-9589176.075941706,9377069.10136034
-213794.9576308981,-9664660.878876131,Tesla,25473339863.640938,2054,-213794.9576308981,-9664660.878876131,9450865.921245232
-215691.21671140628,-9749549.943899171,Tesla,25596325626.32556,2055,-215691.21671140628,-9749549.943899171,9533858.727187766
92273796.05764906,-5107183.667069286,Toyota,82757549585.89355,2023,92273796.05764906,-5107183.667069286,97380979.72471835
84521522.4971446,-15695670.012757212,Toyota,88060375616.42331,2024,84521522.4971446,-15695670.012757212,100217192.5099018
86747345.71019556,-1328258.3997189254,Toyota,88290692492.07866,2025,86747345.71019556,-1328258.3997189254,88075604.10991448
78553523.38602124,-1291463.491851166,Toyota,89728294303.06224,2026,78553523.38602124,-1291463.491851166,79844986.8778724
77348101.20716085,-4648546.263309136,Toyota,90423835680.99004,2027,77348101.20716085,-4648546.263309136,81996647.47046998
69151591.27039309,-3131787.025761515,Toyota,89505996458.8029,2028,69151591.27039309,-3131787.025761515,72283378.2961546
61443640.48349419,-2916639.868767917,Toyota,90817354781.24983,2029,61443640.48349419,-2916639.868767917,64360280.35226211
54023152.26346982,-1849123.98525922,Toyota,90917774202.55472,2030,54023152.26346982,-1849123.98525922,55872276.24872904
45739118.311232425,-1499072.9998154119,Toyota,91435260730.30656,2031,45739118.311232425,-1499072.9998154119,47238191.31104784
39640983.37058235,550500.2075011954,Toyota,92139693464.01009,2032,39640983.37058235,440400.1660009563,39090483.163081154
40137822.651948124,1557457.6586653516,Toyota,93310036347.58826,2033,40137822.651948124,1245966.1269322813,38580364.99328277
39323423.31470944,981910.8286045715,Toyota,92497288381.93085,2034,39323423.31470944,785528.6628836573,38341512.48610487
36550828.849374555,-2100488.270732634,Toyota,92814430270.05547,2035,36550828.849374555,-2100488.270732634,38651317.12010719
36871729.08801483,-2173675.4106871784,Toyota,93351289403.51881,2036,36871729.08801483,-2173675.4106871784,39045404.49870201
39141238.22054934,-193395.82985422015,Toyota,93491800386.26062,2037,39141238.22054934,-193395.82985422015,39334634.05040356
38001512.04457878,-1759608.0106153563,Toyota,94267098731.961,2038,38001512.04457878,-1759608.0106153563,39761120.05519414
38983145.52356189,-1060595.885630384,Toyota,94564388153.57903,2039,38983145.52356189,-1060595.885630384,40043741.40919227
37758401.689825036,-2671786.825312175,Toyota,95249958716.37837,2040,37758401.689825036,-2671786.825312175,40430188.51513721
39968012.05957127,-620406.8504672274,Toyota,95113219448.56406,2041,39968012.05957127,-620406.8504672274,40588418.9100385
37997918.814771436,-2724560.3080914468,Toyota,95238796732.61551,2042,37997918.814771436,-2724560.3080914468,40722479.12286288
37983250.88227459,-2437253.8387268633,Toyota,94495755059.34538,2043,37983250.88227459,-2437253.8387268633,40420504.72100145
39575341.30968755,-1361694.8683495969,Toyota,94976784232.3963,2044,39575341.30968755,-1361694.8683495969,40937036.178037144
39631635.998610035,-1647050.3352653757,Toyota,95468243711.4637,2045,39631635.998610035,-1647050.3352653757,41278686.33387541
40041555.84017799,-1677585.5156902745,Toyota,96100362891.72969,2046,40041555.84017799,-1677585.5156902745,41719141.355868265
40807702.3893285,-1044533.7093262598,Toyota,96081230259.38437,2047,40807702.3893285,-1044533.7093262598,41852236.09865476
39023144.23724779,-2635846.759316802,Toyota,95702149956.0182,2048,39023144.23724779,-2635846.759316802,41658990.99656459
40257492.51536604,-1959875.5631892309,Toyota,96317980356.51556,2049,40257492.51536604,-1959875.5631892309,42217368.07855527
39419304.577204585,-2871266.8812224716,Toyota,96530344503.99919,2050,39419304.577204585,-2871266.8812224716,42290571.45842706
39355505.32989757,-3361448.874495372,Toyota,97198827043.6208,2051,39355505.32989757,-3361448.874495372,42716954.20439294
39795236.95296067,-3344059.636113256,Toyota,97829429301.30583,2052,39795236.95296067,-3344059.636113256,43139296.589073926
40571167.132899076,-2974659.975469969,Toyota,98424291266.08775,2053,40571167.132899076,-2974659.975469969,43545827.108369045
42910858.75546463,-1015912.792806521,Toyota,98946176825.77579,2054,42910858.75546463,-1015912.792806521,43926771.54827115
41895337.38618414,-2495480.7485751957,Toyota,99687885090.33327,2055,41895337.38618414,-2495480.7485751957,44390818.13475934
26044400.663959015,-1297426.8442323022,VW,31562837854.83909,2023,26044400.663959015,-1297426.8442323022,27341827.508191317
23715207.00304474,-4400628.133239239,VW,33413177709.536694,2024,23715207.00304474,-4400628.133239239,28115835.13628398
24803135.152139977,936976.297130458,VW,33525159718.395634,2025,24803135.152139977,749581.0377043665,23866158.85500952
22329410.76113039,634221.3309571333,VW,33975434968.133514,2026,22329410.76113039,507377.06476570666,21695189.430173256
21976558.665425256,-241635.53584902734,VW,34080878883.878254,2027,21976558.665425256,-241635.53584902734,22218194.201274283
19752991.216797277,169602.11411557347,VW,33739421032.074924,2028,19752991.216797277,135681.69129245877,19583389.102681704
17546485.843212232,123612.77438066155,VW,34105495023.307434,2029,17546485.843212232,98890.21950452925,17422873.06883157
15387764.670082925,259419.89390590228,VW,34101258811.43527,2030,15387764.670082925,207535.91512472183,15128344.776177023
13294575.945747033,536042.7053888496,VW,34120399658.05661,2031,13294575.945747033,428834.1643110797,12758533.240358183
11735126.634813584,1193616.1739108562,VW,34256953591.480095,2032,11735126.634813584,954892.939128685,10541510.460902728
11308401.412385045,906620.5184107851,VW,34736978196.464195,2033,11308401.412385045,725296.4147286281,10401780.89397426
10441019.783821525,112213.3610767778,VW,34627754423.816055,2034,10441019.783821525,89770.68886142224,10328806.422744747
9534028.637899406,-876662.7878432125,VW,34788115644.95715,2035,9534028.637899406,-876662.7878432125,10410691.425742619
9305618.774574103,-1211616.6353107467,VW,35061871530.63548,2036,9305618.774574103,-1211616.6353107467,10517235.40988485
10235477.639363464,-366200.66782863066,VW,35139941490.30562,2037,10235477.639363464,-366200.66782863066,10601678.307192095
9615426.88561228,-1107775.1400002595,VW,35482272536.6252,2038,9615426.88561228,-1107775.1400002595,10723202.025612539
9819823.013761958,-981788.0702287965,VW,35611628397.91786,2039,9819823.013761958,-981788.0702287965,10801611.083990755
9355383.270414097,-1557570.98178499,VW,35894778882.7231,2040,9355383.270414097,-1557570.98178499,10912954.252199087
10192031.914972784,-773332.8484774437,VW,35881525917.6049,2041,10192031.914972784,-773332.8484774437,10965364.763450228
9476432.424663631,-1534891.9634033218,VW,35960670210.98229,2042,9476432.424663631,-1534891.9634033218,11011324.388066953
9500946.649354858,-1442560.6584148612,VW,35773243564.38716,2043,9500946.649354858,-1442560.6584148612,10943507.30776972
10065963.62608512,-1024966.3876206782,VW,35933177547.99333,2044,10065963.62608512,-1024966.3876206782,11090930.013705797
10083109.458496671,-1110968.364341041,VW,36150693035.83056,2045,10083109.458496671,-1110968.364341041,11194077.822837712
10560165.956423067,-741301.7633785754,VW,36418612354.465065,2046,10560165.956423067,-741301.7633785754,11301467.719801642
10587470.477896236,-758945.6533025261,VW,36428923902.34827,2047,10587470.477896236,-758945.6533025261,11346416.131198762
9918128.808154695,-1375090.0572971925,VW,36377962866.15242,2048,9918128.808154695,-1375090.0572971925,11293218.865451887
10444168.558883296,-1013197.3577574976,VW,36585232433.03164,2049,10444168.558883296,-1013197.3577574976,11457365.916640794
10104240.874749957,-1371359.6755335573,VW,36748730277.35027,2050,10104240.874749957,-1371359.6755335573,11475600.550283514
10095431.737383874,-1497202.2268442847,VW,37023436248.9386,2051,10095431.737383874,-1497202.2268442847,11592633.964228159
11079983.343493812,-615884.6975191869,VW,37236402933.77885,2052,11079983.343493812,-615884.6975191869,11695868.041012999
11007576.941136157,-804316.4116067253,VW,37509752300.11073,2053,11007576.941136157,-804316.4116067253,11811893.352742882
12397692.95535078,492101.4509563986,VW,37699315568.61408,2054,12397692.95535078,393681.1607651189,11905591.504394382
12303913.683328342,273787.8341080751,VW,37996719320.71166,2055,12303913.683328342,219030.26728646012,12030125.849220267
4788105.791202057,-1606693.7747457027,Volvo,7691253089.958527,2023,4788105.791202057,-1606693.7747457027,6394799.56594776
4392364.7901792405,-2131503.126044968,Volvo,8089705004.908311,2024,4392364.7901792405,-2131503.126044968,6523867.916224209
4643460.445839258,-991615.806759161,Volvo,8174140486.98552,2025,4643460.445839258,-991615.806759161,5635076.252598419
4269460.409130911,-880553.0096667465,Volvo,8245807788.317257,2026,4269460.409130911,-880553.0096667465,5150013.418797658
4264123.619085254,-904624.188149536,Volvo,8258855204.72359,2027,4264123.619085254,-904624.188149536,5168747.80723479
3960001.6130955336,-601716.378286689,Volvo,8171194846.929597,2028,3960001.6130955336,-601716.378286689,4561717.991382223
3538629.6876488766,-514739.08347537834,Volvo,8247455242.706612,2029,3538629.6876488766,-514739.08347537834,4053368.771124255
3170368.7692859243,-343626.9158230731,Volvo,8223219832.888033,2030,3170368.7692859243,-343626.9158230731,3513995.6851089974
3029062.387242958,70632.3956446466,Volvo,8201269243.237323,2031,3029062.387242958,56505.91651571728,2958429.9915983113
2776552.0395730454,334448.4272537576,Volvo,8207050389.330078,2032,2776552.0395730454,267558.7418030061,2442103.612319288
2577353.6780007035,168578.12194577,Volvo,8316413430.294744,2033,2577353.6780007035,134862.497556616,2408775.5560549335
2425340.3231103225,49875.237952664495,Volvo,8266150743.288643,2034,2425340.3231103225,39900.1903621316,2375465.085157658
2264651.843288892,-133918.31511691352,Volvo,8315447616.099969,2035,2264651.843288892,-133918.31511691352,2398570.1584058055
2228347.1363054477,-195857.82738519926,Volvo,8381760372.641337,2036,2228347.1363054477,-195857.82738519926,2424204.963690647
2415272.759096149,-29902.264049257617,Volvo,8417492144.519324,2037,2415272.759096149,-29902.264049257617,2445175.0231454065
2303799.062273804,-171375.4254571763,Volvo,8504899677.847054,2038,2303799.062273804,-171375.4254571763,2475174.4877309804
2350209.307650215,-144848.5757518257,Volvo,8547393745.23048,2039,2350209.307650215,-144848.5757518257,2495057.8834020407
2268523.877017416,-254380.83685158007,Volvo,8624716250.90271,2040,2268523.877017416,-254380.83685158007,2522904.713868996
2436482.3702151584,-100043.43310834235,Volvo,8638538448.896572,2041,2436482.3702151584,-100043.43310834235,2536525.803323501
2303777.435746077,-245422.21567085618,Volvo,8665723840.646227,2042,2303777.435746077,-245422.21567085618,2549199.651416933
2313727.583281113,-225946.80630735587,Volvo,8645915810.216846,2043,2313727.583281113,-225946.80630735587,2539674.3895884687
2429335.2838461003,-141771.82237780048,Volvo,8688643475.384985,2044,2429335.2838461003,-141771.82237780048,2571107.106223901
2440722.75728094,-156041.43367068423,Volvo,8753847346.857563,2045,2440722.75728094,-156041.43367068423,2596764.1909516244
2540562.511191314,-79344.19569202559,Volvo,8804488944.942318,2046,2540562.511191314,-79344.19569202559,2619906.7068833397
2551314.1468945635,-81900.26565702166,Volvo,8830056857.70415,2047,2551314.1468945635,-81900.26565702166,2633214.412551585
2427037.376727609,-199011.59571605455,Volvo,8826639885.918768,2048,2427037.376727609,-199011.59571605455,2626048.9724436635
2534930.085496011,-126261.44930377789,Volvo,8877791394.206087,2049,2534930.085496011,-126261.44930377789,2661191.534799789
2478883.2303457754,-192163.41970770992,Volvo,8935733370.244081,2050,2478883.2303457754,-192163.41970770992,2671046.6500534853
2486128.0978201167,-213338.65074282512,Volvo,9009469675.207088,2051,2486128.0978201167,-213338.65074282512,2699466.748562942
2686462.0339294877,-38349.705060583074,Volvo,9072930276.666702,2052,2686462.0339294877,-38349.705060583074,2724811.7389900708
2681230.0900481804,-71800.25231384905,Volvo,9146137288.978745,2053,2681230.0900481804,-71800.25231384905,2753030.3423620295
2957870.476729743,181631.6002761554,Volvo,9204602386.098736,2054,2957870.476729743,145305.28022092432,2776238.876453588
2951846.534039232,145367.0850499496,Volvo,9284390421.969936,2055,2951846.534039232,116293.66803995968,2806479.4489892824
