tech,vintage,fixed,invest,var,var_upstream,var_total,lifetime,emission_per_activity,upstream_emission_per_activity,cost_per_emission,emission_activity_cost,emission_upstream_cost,emission,capfac,lcoe
E_NUC_CANDU-EXS,1970.0,177.983,0.0,0.9638896600000001,0.0,0.9638896600000001,100.0,0.0,0.0,0.0,0.0,0.0,0.0,1.0,6.607693566646373
E_NUC_CANDU-EXS,1975.0,177.983,0.0,0.9638896600000001,0.0,0.9638896600000001,100.0,0.0,0.0,0.0,0.0,0.0,0.0,1.0,6.607693566646373
E_NUC_CANDU-EXS,1980.0,177.983,0.0,0.9638896600000001,0.0,0.9638896600000001,100.0,0.0,0.0,0.0,0.0,0.0,0.0,1.0,6.607693566646373
E_NUC_CANDU-EXS,1985.0,177.983,0.0,0.9638896600000001,0.0,0.9638896600000001,100.0,0.0,0.0,0.0,0.0,0.0,0.0,1.0,6.607693566646373
E_NUC_CANDU-EXS,2020.0,177.983,0.0,0.9638896600000001,0.0,0.9638896600000001,100.0,0.0,0.0,0.0,0.0,0.0,0.0,1.0,6.607693566646373
E_NUC_CANDU-EXS,2024.0,177.983,0.0,0.9638896600000001,0.0,0.9638896600000001,100.0,0.0,0.0,0.0,0.0,0.0,0.0,1.0,6.607693566646373
E_HYD_ROR-EXS,2024.0,66.563,0.0,0.277778,0.0,0.277778,100.0,,,,,,0.0,0.6998118506598485,3.293872800088276
E_BIO_G-EXS,2005.0,31.512,0.0,2.7000021600000004,0.0,2.7000021600000004,40.0,,,,,,0.0,1.0,3.69924112499239
E_BIO_G-EXS,2010.0,31.512,0.0,2.7000021600000004,0.0,2.7000021600000004,40.0,,,,,,0.0,1.0,3.69924112499239
E_BIO_M-EXS,2015.0,187.36736756120476,0.0,1.6684551865992776,0.0,1.6684551865992776,45.0,,,,,,0.0,1.0,7.609835436510641
E_BIO_M-EXS,2020.0,187.36736756120476,0.0,1.6684551865992776,0.0,1.6684551865992776,45.0,,,,,,0.0,1.0,7.609835436510641
E_HYD_DLY-EXS,2024.0,115.196,0.0,1.3888900000000002,0.0,1.3888900000000002,100.0,,,,,,0.0,1.0,5.041731197361745
E_NG_CC-EXS,2010.0,39.0382025165461,0.0,0.686889743350876,0.0,0.686889743350876,45.0,0.0,0.0,0.0,0.0,0.0,0.0,1.0,1.924783024570628
E_NG_CC-EXS,2015.0,39.0382025165461,0.0,0.686889743350876,0.0,0.686889743350876,45.0,0.0,0.0,0.0,0.0,0.0,0.0,1.0,1.924783024570628
E_NG_CC-EXS,2020.0,39.0382025165461,0.0,0.686889743350876,0.0,0.686889743350876,45.0,0.0,0.0,0.0,0.0,0.0,0.0,1.0,1.924783024570628
E_NG_CG-EXS,1995.0,17.849,0.0,0.7583339400000001,0.0,0.7583339400000001,45.0,0.0,0.0,0.0,0.0,0.0,0.0,1.0,1.3243220171182142
E_NG_CG-EXS,2000.0,17.849,0.0,0.7583339400000001,0.0,0.7583339400000001,45.0,0.0,0.0,0.0,0.0,0.0,0.0,1.0,1.3243220171182142
E_NG_CG-EXS,2005.0,17.849,0.0,0.7583339400000001,0.0,0.7583339400000001,45.0,0.0,0.0,0.0,0.0,0.0,0.0,1.0,1.3243220171182142
E_NG_CG-EXS,2010.0,17.849,0.0,0.7583339400000001,0.0,0.7583339400000001,45.0,0.0,0.0,0.0,0.0,0.0,0.0,1.0,1.3243220171182142
E_NG_CG-EXS,2015.0,17.849,0.0,0.7583339400000001,0.0,0.7583339400000001,45.0,0.0,0.0,0.0,0.0,0.0,0.0,1.0,1.3243220171182142
E_NG_CG-EXS,2020.0,17.849,0.0,0.7583339400000001,0.0,0.7583339400000001,45.0,0.0,0.0,0.0,0.0,0.0,0.0,1.0,1.3243220171182142
E_NG_CT-EXS,2010.0,29.879679932019155,0.0,2.2069513050254996,0.0,2.2069513050254996,45.0,0.0,0.0,0.0,0.0,0.0,0.0,1.0,3.154429740211292
E_NG_CT-EXS,2015.0,29.879679932019155,0.0,2.2069513050254996,0.0,2.2069513050254996,45.0,0.0,0.0,0.0,0.0,0.0,0.0,1.0,3.154429740211292
E_NG_CT-EXS,2020.0,29.879679932019155,0.0,2.2069513050254996,0.0,2.2069513050254996,45.0,0.0,0.0,0.0,0.0,0.0,0.0,1.0,3.154429740211292
E_SOL_PV-EXS,2010.0,27.207226998748677,0.0,0.0,,,30.0,,,,,,0.0,0.16680966061902838,5.171975684044824
E_SOL_PV-EXS,2015.0,27.207226998748677,0.0,0.0,,,30.0,,,,,,0.0,0.16680966061902838,5.171975684044824
E_SOL_PV-EXS,2020.0,27.207226998748677,0.0,0.0,,,30.0,,,,,,0.0,0.16680966061902838,5.171975684044824
E_WND_ON-EXS,2005.0,37.14129763835986,0.0,0.0,,,30.0,,,,,,0.0,0.2341971730379201,5.028851573408119
E_WND_ON-EXS,2010.0,37.14129763835986,0.0,0.0,,,30.0,,,,,,0.0,0.2341971730379201,5.028851573408119
E_WND_ON-EXS,2015.0,37.14129763835986,0.0,0.0,,,30.0,,,,,,0.0,0.2341971730379201,5.028851573408119
E_WND_ON-EXS,2020.0,37.14129763835986,0.0,0.0,,,30.0,,,,,,0.0,0.2341971730379201,5.028851573408119
E_BAT_3H-EXS,2015.0,55.14346448143674,0.0,0.0,,,15.0,,,,,,0.0,1.0,1.7485877879704699
E_BAT_4H-EXS,2020.0,55.14346448143674,0.0,0.0,,,15.0,,,,,,0.0,1.0,1.7485877879704699
E_BAT_5H-EXS,2020.0,77.52051693761031,0.0,0.0,,,15.0,,,,,,0.0,1.0,2.458159466565522
E_PUMP_4H-EXS,2024.0,15.844,0.0,0.277778,0.0,0.277778,100.0,,,,,,0.0,1.0,0.7801879441907662
E_BAT_1H-EXS,2015.0,32.76641202526315,0.0,0.0,,,15.0,,,,,,0.0,1.0,1.0390161093754169
E_BIO_M-NEW,2025.0,187.36736756120476,4763.518770776926,1.6684551865992776,0.0,1.6684551865992776,45.0,,,,,,0.0,1.0,13.770443954530855
E_BIO_M-NEW,2030.0,187.36736756120476,4604.754939806435,1.6684551865992776,0.0,1.6684551865992776,45.0,,,,,,0.0,1.0,13.565116368664997
E_BIO_M-NEW,2035.0,187.36736756120476,4442.090830336428,1.6684551865992774,0.0,1.6684551865992774,45.0,,,,,,0.0,1.0,13.35474459380713
E_BIO_M-NEW,2040.0,187.36736756120476,4289.384347139448,1.6684551865992776,0.0,1.6684551865992776,45.0,,,,,,0.0,1.0,13.15725091184421
E_BIO_M-NEW,2045.0,187.36736756120476,4107.446794526599,1.6684551865992776,0.0,1.6684551865992776,45.0,,,,,,0.0,1.0,12.921952996519385
E_NG_CC-NEW,2025.0,36.06168267657484,1352.2558596054034,0.6487292020536051,6.955269265930212,7.603998467983818,45.0,0.0,125.37213154688992,0.35476500000000005,0.0,27.40731509455841,27.40731509455841,1.0,30.94841097472446
E_NG_CC-NEW,2030.0,34.22997815966946,1282.6510879629986,0.6232888411887578,9.089012299181396,9.712301140370155,45.0,0.0,124.40962089960082,0.38406900000000005,0.0,29.334490605029412,29.334490605029412,1.0,32.70204403906498
E_NG_CC-NEW,2035.0,32.85619977199042,1229.9895831019687,0.6042085705401223,8.66796693231411,9.272175502854232,45.0,0.0,124.40962089960082,0.41430199999999995,0.0,31.563636578375025,31.563636578375025,1.0,34.800440946786026
E_NG_CC-NEW,2040.0,31.596902916617957,1177.213596708632,0.585128299891487,9.22299170163526,9.808120001526747,45.0,0.0,124.40962089960082,0.44738999999999995,0.0,33.979433907183335,33.979433907183335,1.0,37.08897133778852
E_NG_CC-NEW,2045.0,30.337606061245506,1124.4376103152956,0.5660480292428516,8.96863317173568,9.534681200978532,45.0,0.0,124.40962089960082,0.481404,0.0,36.48676137995953,36.48676137995953,1.0,39.4690318727589
E_NG_CCS-NEW,2025.0,64.56758422091497,2477.7238037114585,1.373779486701752,7.77440502887299,9.148184515574743,45.0,-96.65287389623192,140.13745445530347,0.35476500000000005,-26.391647134609507,30.635128584133156,4.243481449523651,1.0,10.869099628497652
E_NG_CCS-NEW,2030.0,57.813173814826335,2220.2548375539445,1.2656579530261511,10.083941217528002,11.349599170554153,45.0,-95.19806664629596,138.02812261124438,0.38406900000000005,-28.028024385869163,32.54559122269931,4.51756683683014,1.0,10.487900638414779
E_NG_CCS-NEW,2035.0,54.72217244254849,2093.180336693633,1.2211373215126682,9.616806110913103,10.83794343242577,45.0,-95.19806664629596,138.02812261124438,0.41430199999999995,-30.1499892914151,35.01875070588439,4.868761414469294,1.0,10.532215464093925
E_NG_CCS-NEW,2040.0,51.63117107027065,1966.2203173656283,1.1766166899991857,10.232586678028257,11.409203368027443,45.0,-95.19806664629596,138.02812261124438,0.44738999999999995,-32.44883220478985,37.69899333899847,5.250161134208612,1.0,10.606883489629915
E_NG_CCS-NEW,2045.0,48.54016969799281,1839.145816505317,1.1320960584857032,9.950384786419505,11.08248084490521,45.0,-95.19806664629596,138.02812261124438,0.481404,-34.83601892401237,40.4807854651732,5.6447665411608305,1.0,10.69460914462213
E_NG_CT-NEW,2025.0,28.620383076646696,1190.7224175208094,2.2069513050254996,11.039586974361953,13.246538279387453,45.0,0.0,198.99395658953435,0.35476500000000005,0.0,43.50161397808298,43.50161397808298,1.0,48.156060404148874
E_NG_CT-NEW,2030.0,27.70453081819401,1140.3505433059113,2.2069513050254996,14.537931277554835,16.744882582580335,45.0,0.0,198.99395658953435,0.38406900000000005,0.0,46.92069879984703,46.92069879984703,1.0,51.48095832837221
E_NG_CT-NEW,2035.0,26.903160092047898,1090.0931506233196,2.2069513050254996,13.864466614205135,16.071417919230633,45.0,0.0,198.99395658953435,0.41430199999999995,0.0,50.48623154437367,50.48623154437367,1.0,54.95608241869024
E_NG_CT-NEW,2040.0,26.10178936590179,1039.835757940728,2.2069513050254996,14.75223215881314,16.959183463838638,45.0,0.0,198.99395658953435,0.44738999999999995,0.0,54.35031428413175,54.35031428413175,1.0,58.72975650423969
E_NG_CT-NEW,2045.0,25.185937107449096,989.4638837258298,2.2069513050254996,14.345384120124379,16.552335425149877,45.0,0.0,198.99395658953435,0.481404,0.0,58.36080005416735,58.36080005416735,1.0,62.64605537673457
E_NUC_PWR-NEW,2025.0,200.3426815365269,6582.688107628741,0.890412630269654,3.717966346729602,4.608378976999256,60.0,0.0,0.0,0.35476500000000005,0.0,0.0,0.0,1.0,14.785474759737198
E_NUC_PWR-NEW,2030.0,200.3426815365269,6296.484276862274,0.8904126302696539,3.717966346729602,4.608378976999256,60.0,0.0,0.0,0.38406900000000005,0.0,0.0,0.0,1.0,14.457551395716559
E_NUC_PWR-NEW,2035.0,200.3426815365269,5437.872784562873,0.8904126302696539,3.717966346729602,4.608378976999256,60.0,0.0,0.0,0.41430199999999995,0.0,0.0,0.0,1.0,13.473781303654643
E_NUC_PWR-NEW,2040.0,200.3426815365269,4865.46512302994,0.8904126302696539,3.717966346729602,4.608378976999256,60.0,0.0,0.0,0.44738999999999995,0.0,0.0,0.0,1.0,12.817934575613368
E_NUC_PWR-NEW,2045.0,200.3426815365269,4293.0574614970055,0.8904126302696539,3.717966346729602,4.608378976999256,60.0,0.0,0.0,0.481404,0.0,0.0,0.0,1.0,12.162087847572092
E_NUC_SMR-NEW,2025.0,155.69488393695806,9158.522584526943,0.8268117281075359,3.2514938613868485,4.078305589494384,60.0,0.0,0.0,0.35476500000000005,0.0,0.0,0.0,1.0,16.25741175934527
E_NUC_SMR-NEW,2030.0,155.69488393695806,7441.299599928142,0.8268117281075359,3.2514938613868485,4.078305589494384,60.0,0.0,0.0,0.38406900000000005,0.0,0.0,0.0,1.0,14.289871575221444
E_NUC_SMR-NEW,2035.0,155.69488393695806,6010.280446095808,0.8268117281075359,3.2514938613868485,4.078305589494384,60.0,0.0,0.0,0.41430199999999995,0.0,0.0,0.0,1.0,12.650254755118251
E_NUC_SMR-NEW,2040.0,155.69488393695806,5151.668953796407,0.8268117281075359,3.2514938613868485,4.078305589494384,60.0,0.0,0.0,0.44738999999999995,0.0,0.0,0.0,1.0,11.666484663056336
E_NUC_SMR-NEW,2045.0,155.69488393695806,4579.261292263472,0.8268117281075359,3.2514938613868485,4.078305589494384,60.0,0.0,0.0,0.481404,0.0,0.0,0.0,1.0,11.01063793501506
E_SOL_PV-NEW-1,2025.0,26.62794785087422,1565.440603504237,0.0,,,30.0,,,,,,0.0,0.21539891425980465,15.677666336154806
E_SOL_PV-NEW-1,2030.0,23.376812365606746,1302.9261063951114,0.0,,,30.0,,,,,,0.0,0.22161933890619165,12.856102207386492
E_SOL_PV-NEW-1,2035.0,20.173946502731482,1040.411609285985,0.0,,,30.0,,,,,,0.0,0.22786207469575429,10.194325054199503
E_SOL_PV-NEW-1,2040.0,19.297739379542946,958.1296486787224,0.0,,,30.0,,,,,,0.0,0.23211171083650028,9.31447670879963
E_SOL_PV-NEW-1,2045.0,18.4216141192794,875.8476880714601,0.0,,,30.0,,,,,,0.0,0.23631829426200793,8.4678200390077
E_SOL_PV-NEW-2,2025.0,26.62794785087422,1565.4571170950717,0.0,,,30.0,,,,,,0.0,0.19281728276795518,17.51388140270228
E_SOL_PV-NEW-2,2030.0,23.376812365606746,1302.9426199859458,0.0,,,30.0,,,,,,0.0,0.19838558092814226,14.361868310366162
E_SOL_PV-NEW-2,2035.0,20.173946502731482,1040.4281228768193,0.0,,,30.0,,,,,,0.0,0.20395387908832918,11.38947090984637
E_SOL_PV-NEW-2,2040.0,19.297739379542946,958.1461622695566,0.0,,,30.0,,,,,,0.0,0.2078520060607463,10.401755947683231
E_SOL_PV-NEW-2,2045.0,18.4216141192794,875.8642016622945,0.0,,,30.0,,,,,,0.0,0.2117501330331635,9.450419109189333
E_SOL_PV-NEW-3,2025.0,26.62794785087422,1565.432433600085,0.0,,,30.0,,,,,,0.0,0.2226526876549156,15.166846289390502
E_SOL_PV-NEW-3,2030.0,23.376812365606746,1302.9179364909594,0.0,,,30.0,,,,,,0.0,0.22908259130894437,12.43720720321155
E_SOL_PV-NEW-3,2035.0,20.173946502731482,1040.4034393818329,0.0,,,30.0,,,,,,0.0,0.23551249496297297,9.863115075845776
E_SOL_PV-NEW-3,2040.0,19.297739379542946,958.1214787745703,0.0,,,30.0,,,,,,0.0,0.2400137950267919,9.007756853440139
E_SOL_PV-NEW-3,2045.0,18.4216141192794,875.839518167308,0.0,,,30.0,,,,,,0.0,0.24451509509061095,8.183901978080097
E_SOL_PV-NEW-4,2025.0,26.62794785087422,1565.444799775166,0.0,,,30.0,,,,,,0.0,0.22148469238168955,15.246918689464717
E_SOL_PV-NEW-4,2030.0,23.376812365606746,1302.9303026660402,0.0,,,30.0,,,,,,0.0,0.2278808659372663,12.50288236865516
E_SOL_PV-NEW-4,2035.0,20.173946502731482,1040.4158055569137,0.0,,,30.0,,,,,,0.0,0.2342770394928429,9.915213418996883
E_SOL_PV-NEW-4,2040.0,19.297739379542946,958.133844949651,0.0,,,30.0,,,,,,0.0,0.23875472655987617,9.055342879896907
E_SOL_PV-NEW-4,2045.0,18.4216141192794,875.8518843423889,0.0,,,30.0,,,,,,0.0,0.24321141547203762,8.227852186220723
E_SOL_PV-NEW-5,2025.0,26.62794785087422,1565.432751248067,0.0,,,30.0,,,,,,0.0,0.18821733424030154,17.94170349455951
E_SOL_PV-NEW-5,2030.0,23.376812365606746,1302.9182541389414,0.0,,,30.0,,,,,,0.0,0.19365279220817913,14.712662472685725
E_SOL_PV-NEW-5,2035.0,20.173946502731482,1040.4037570298149,0.0,,,30.0,,,,,,0.0,0.19908825017605655,11.667626549830556
E_SOL_PV-NEW-5,2040.0,19.297739379542946,958.1217964225523,0.0,,,30.0,,,,,,0.0,0.20289338142127555,10.655775983534213
E_SOL_PV-NEW-5,2045.0,18.4216141192794,875.8398358152901,0.0,,,30.0,,,,,,0.0,0.20669851266649455,9.681192469465605
E_WND_ON-NEW-1,2025.0,37.48333333333329,1590.9967544663618,0.0,,,30.0,,,,,,0.0,0.5189556004953433,7.250175772349898
E_WND_ON-NEW-1,2030.0,35.1,1446.092860934692,0.0,,,30.0,,,,,,0.0,0.5382938448576938,6.413815368455417
E_WND_ON-NEW-1,2035.0,33.8975,1376.763122393863,0.0,,,30.0,,,,,,0.0,0.5404693973484581,6.109918480078839
E_WND_ON-NEW-1,2040.0,32.695,1307.433383853048,0.0,,,30.0,,,,,,0.0,0.5426449498392224,5.808458336511739
E_WND_ON-NEW-1,2045.0,31.4925,1238.1036453122204,0.0,,,30.0,,,,,,0.0,0.5448205023299867,5.5094057468578574
E_WND_ON-NEW-2,2025.0,37.48333333333329,1810.8426455970891,0.0,,,30.0,,,,,,0.0,0.5677223609947615,7.253877084534634
E_WND_ON-NEW-2,2030.0,35.1,1665.9387520654197,0.0,,,30.0,,,,,,0.0,0.5888778389131191,6.466852692373514
E_WND_ON-NEW-2,2035.0,33.8975,1596.6090135245906,0.0,,,30.0,,,,,,0.0,0.5912578301789342,6.186629039366102
E_WND_ON-NEW-2,2040.0,32.695,1527.2792749837758,0.0,,,30.0,,,,,,0.0,0.5936378214447494,5.908652311411481
E_WND_ON-NEW-2,2045.0,31.4925,1457.949536442948,0.0,,,30.0,,,,,,0.0,0.5960178127105645,5.632895591552297
E_WND_ON-NEW-3,2025.0,37.48333333333329,1686.6636787625505,0.0,,,30.0,,,,,,0.0,0.501145899512644,7.816666247950189
E_WND_ON-NEW-3,2030.0,35.1,1541.7597852308807,0.0,,,30.0,,,,,,0.0,0.5198204871974385,6.939488419789043
E_WND_ON-NEW-3,2035.0,33.8975,1472.430046690052,0.0,,,30.0,,,,,,0.0,0.5219213783119777,6.623593167115863
E_WND_ON-NEW-3,2040.0,32.695,1403.1003081492368,0.0,,,30.0,,,,,,0.0,0.524022269426517,6.3102308660678235
E_WND_ON-NEW-3,2045.0,31.4925,1333.7705696084097,0.0,,,30.0,,,,,,0.0,0.5261231605410563,5.999371173242607
E_WND_ON-NEW-4,2025.0,37.48333333333329,1676.132676079875,0.0,,,30.0,,,,,,0.0,0.4714717138194389,8.27250704802077
E_WND_ON-NEW-4,2030.0,35.1,1531.228782548205,0.0,,,30.0,,,,,,0.0,0.4890405293463816,7.341418294244092
E_WND_ON-NEW-4,2035.0,33.8975,1461.899044007376,0.0,,,30.0,,,,,,0.0,0.49101702109316264,7.005780991043994
E_WND_ON-NEW-4,2040.0,32.695,1392.5693054665614,0.0,,,30.0,,,,,,0.0,0.4929935128399436,6.672834937697782
E_WND_ON-NEW-4,2045.0,31.4925,1323.2395669257332,0.0,,,30.0,,,,,,0.0,0.4949700045867245,6.342547894475226
E_WND_ON-NEW-5,2025.0,37.48333333333329,1670.1149995121361,0.0,,,30.0,,,,,,0.0,0.4683849909769455,8.306238868730416
E_WND_ON-NEW-5,2030.0,35.1,1525.2111059804663,0.0,,,30.0,,,,,,0.0,0.485838783560596,7.369760817772739
E_WND_ON-NEW-5,2035.0,33.8975,1455.8813674396374,0.0,,,30.0,,,,,,0.0,0.4878023352262566,7.031992278453118
E_WND_ON-NEW-5,2040.0,32.695,1386.5516288988224,0.0,,,30.0,,,,,,0.0,0.4897658868919172,6.696932077936795
E_WND_ON-NEW-5,2045.0,31.4925,1317.2218903579949,0.0,,,30.0,,,,,,0.0,0.4917294385575777,6.364547771777093
E_WND_ON-NEW-6,2025.0,37.48333333333329,1606.1598736939764,0.0,,,30.0,,,,,,0.0,0.4803484767982353,7.8839645632195365
E_WND_ON-NEW-6,2030.0,35.1,1461.2559801623063,0.0,,,30.0,,,,,,0.0,0.4982480740172279,6.978548565769556
E_WND_ON-NEW-6,2035.0,33.8975,1391.9262416214772,0.0,,,30.0,,,,,,0.0,0.5002617787043646,6.650028340821013
E_WND_ON-NEW-6,2040.0,32.695,1322.5965030806622,0.0,,,30.0,,,,,,0.0,0.5022754833915012,6.324142298661338
E_WND_ON-NEW-6,2045.0,31.4925,1253.2667645398346,0.0,,,30.0,,,,,,0.0,0.5043152617051175,6.000548632512746
E_WND_ON-NEW-7,2025.0,37.48333333333329,1577.2338344670547,0.0,,,30.0,,,,,,0.0,0.4548808947054305,8.222489830168513
E_WND_ON-NEW-7,2030.0,35.1,1432.329940935385,0.0,,,30.0,,,,,,0.0,0.4718314736936558,7.27007784592408
E_WND_ON-NEW-7,2035.0,33.8975,1363.0002023945558,0.0,,,30.0,,,,,,0.0,0.4737384138298311,6.923563874158025
E_WND_ON-NEW-7,2040.0,32.695,1293.670463853741,0.0,,,30.0,,,,,,0.0,0.4756453539660064,6.579828364937678
E_WND_ON-NEW-7,2045.0,31.4925,1224.3407253129133,0.0,,,30.0,,,,,,0.0,0.47755229410218164,6.238838033771531
E_WND_ON-NEW-8,2025.0,37.48333333333329,1685.499979484625,0.0,,,30.0,,,,,,0.0,0.48617784016842563,8.053447257524692
E_WND_ON-NEW-8,2030.0,35.1,1540.5960859529553,0.0,,,30.0,,,,,,0.0,0.5042946614682877,7.149402685193824
E_WND_ON-NEW-8,2035.0,33.8975,1471.2663474121264,0.0,,,30.0,,,,,,0.0,0.5063328038645222,6.823796926335322
E_WND_ON-NEW-8,2040.0,32.695,1401.9366088713114,0.0,,,30.0,,,,,,0.0,0.5083709462607565,6.500801981121781
E_WND_ON-NEW-8,2045.0,31.4925,1332.6068703304838,0.0,,,30.0,,,,,,0.0,0.510409088656991,6.180386573405626
E_WND_ON-NEW-9,2025.0,36.67858025664434,1706.1404078313049,0.0,,,30.0,,,,,,0.0,0.4695784447220856,8.354900823199989
E_WND_ON-NEW-9,2030.0,34.16544803997414,1546.5647680682798,0.0,,,30.0,,,,,,0.0,0.4870767098967181,7.361114337721542
E_WND_ON-NEW-9,2035.0,33.0018877049752,1476.4047438238606,0.0,,,30.0,,,,,,0.0,0.4890452647288639,7.023941848528826
E_WND_ON-NEW-9,2040.0,31.838327369976284,1406.2447195794555,0.0,,,30.0,,,,,,0.0,0.49101381956101037,6.689472918814212
E_WND_ON-NEW-9,2045.0,30.674767034977368,1336.0846953350392,0.0,,,30.0,,,,,,0.0,0.49298237439315634,6.357675161384795
E_WND_ON-NEW-10,2025.0,36.018917922796184,1726.747693295776,0.0,,,30.0,,,,,,0.0,0.4700251553499438,8.373386421439104
E_WND_ON-NEW-10,2030.0,33.399388555505325,1555.1455094399664,0.0,,,30.0,,,,,,0.0,0.48754006664858496,7.332767131376156
E_WND_ON-NEW-10,2035.0,32.26774736569261,1484.3048935695492,0.0,,,30.0,,,,,,0.0,0.4895104941696812,6.99581938722049
E_WND_ON-NEW-10,2040.0,31.136106175879885,1413.464277699145,0.0,,,30.0,,,,,,0.0,0.491480921690779,6.6615734004635705
E_WND_ON-NEW-10,2045.0,30.00446498606716,1342.623661828732,0.0,,,30.0,,,,,,0.0,0.4934513492118761,6.329996805500471
E_WND_ON-NEW-11,2025.0,37.48333333333329,1678.0398749027252,0.0,,,30.0,,,,,,0.0,0.44188765902340743,8.83332784096985
E_WND_ON-NEW-11,2030.0,35.1,1533.135981371055,0.0,,,30.0,,,,,,0.0,0.45835406100990705,7.839652530560628
E_WND_ON-NEW-11,2035.0,33.8975,1463.8062428302262,0.0,,,30.0,,,,,,0.0,0.46020653123338817,7.481517459008305
E_WND_ON-NEW-11,2040.0,32.695,1394.476504289411,0.0,,,30.0,,,,,,0.0,0.46205900145686934,7.1262540317869165
E_WND_ON-NEW-11,2045.0,31.4925,1325.146765748584,0.0,,,30.0,,,,,,0.0,0.46391147168035046,6.773827848137137
E_WND_ON-NEW-12,2025.0,36.225767690573576,1677.254650962289,0.0,,,30.0,,,,,,0.0,0.45100068019994866,8.563603653902632
E_WND_ON-NEW-12,2030.0,33.639601189053266,1509.4236205058937,0.0,,,30.0,,,,,,0.0,0.46780666775065266,7.500246954032861
E_WND_ON-NEW-12,2035.0,32.49795113950938,1438.7964171839355,0.0,,,30.0,,,,,,0.0,0.4696973413501062,7.149716106007779
E_WND_ON-NEW-12,2040.0,31.35630108996549,1368.1692138619906,0.0,,,30.0,,,,,,0.0,0.4715880149495609,6.801995929158184
E_WND_ON-NEW-12,2045.0,30.214651040421607,1297.542010540036,0.0,,,30.0,,,,,,0.0,0.47347868854901515,6.457052753150487
E_WND_ON-NEW-13,2025.0,34.79666666666658,1723.3585504345197,0.0,,,30.0,,,,,,0.0,0.4481047426519172,8.684268566041727
E_WND_ON-NEW-13,2030.0,31.98,1529.4730590893248,0.0,,,30.0,,,,,,0.0,0.46480281663947925,7.505281779180464
E_WND_ON-NEW-13,2035.0,30.9075,1457.371413253872,0.0,,,30.0,,,,,,0.0,0.46668134996307864,7.152247648471697
E_WND_ON-NEW-13,2040.0,29.835,1385.2697674184321,0.0,,,30.0,,,,,,0.0,0.4685598832866806,6.802044261079042
E_WND_ON-NEW-13,2045.0,28.7625,1313.1681215829856,0.0,,,30.0,,,,,,0.0,0.47043841661028124,6.4546377062154745
E_BAT_2H-NEW,2025.0,23.14726037494584,925.8904149978334,0.0,,,15.0,,,,,,0.0,1.0,3.1933642288851813
E_BAT_2H-NEW,2030.0,21.555981163467248,862.2392465386899,0.0,,,15.0,,,,,,0.0,1.0,2.973833535844527
E_BAT_2H-NEW,2035.0,19.958215224089585,798.3286089635835,0.0,,,15.0,,,,,,0.0,1.0,2.7534079427379514
E_BAT_2H-NEW,2040.0,18.352465718924748,734.0986287569899,0.0,,,15.0,,,,,,0.0,1.0,2.531880947867593
E_BAT_2H-NEW,2045.0,16.736736899984678,669.4694759993871,0.0,,,15.0,,,,,,0.0,1.0,2.308977220583876
E_BAT_4H-NEW,2025.0,37.2108694700374,1488.434778801496,0.0,,,15.0,,,,,,0.0,1.0,5.133560411319785
E_BAT_4H-NEW,2030.0,34.34151069926201,1373.6604279704804,0.0,,,15.0,,,,,,0.0,1.0,4.737707618807465
E_BAT_4H-NEW,2035.0,31.472676490317557,1258.9070596127021,0.0,,,15.0,,,,,,0.0,1.0,4.341927194124409
E_BAT_4H-NEW,2040.0,28.604487887902618,1144.1795155161044,0.0,,,15.0,,,,,,0.0,1.0,3.9462358364308745
E_BAT_4H-NEW,2045.0,25.737106282048497,1029.48425128194,0.0,,,15.0,,,,,,0.0,1.0,3.5506558108737774
E_NG_CC_RFIT_BYPASS,,0.0,0.0,0.0,,,65.0,,,,,,0.0,1.0,0.0
E_R_ELC,,0.0,0.0,0.0,,,5.0,,,,,,0.0,1.0,0.0
E_C_ELC,,0.0,0.0,0.0,,,5.0,,,,,,0.0,1.0,0.0
E_I_ELC,,0.0,0.0,0.0,,,5.0,,,,,,0.0,1.0,0.0
E_T_ELC,,0.0,0.0,0.0,,,5.0,,,,,,0.0,1.0,0.0
E_A_ELC,,0.0,0.0,0.0,,,5.0,,,,,,0.0,1.0,0.0
