report_year,vehicle_class,model_year,age,nrcan_vehicle_class,nlr_atb_class,nrcan_ceud_class,fit_active_stock,share_of_mapped_fleet,share_within_vehicle_class_age,age_share_within_nrcan_class,age_share_within_nlr_class,age_share_within_ceud_class
2025,COMMERCIAL,2026,-1,Pickup truck: Small,Pickup,Light Truck,24,4.022240307406419e-06,0.002054266883505949,0.0002801316618810841,2.438228992371391e-05,2.398151025559294e-05
2025,COMMERCIAL,2026,-1,Pickup truck: Standard,Pickup,Light Truck,10660,0.0017865450698730178,0.912436874090559,0.013101891170726491,0.010829800441116262,0.010651787471859197
2025,COMMERCIAL,2026,-1,Sport utility vehicle: Small,Small SUV,Light Truck,23,3.854646961264485e-06,0.001968672430026534,0.004708290685772774,0.004708290685772774,2.29822806616099e-05
2025,COMMERCIAL,2026,-1,Sport utility vehicle: Standard,Midsize SUV,Light Truck,540,9.050040691664443e-05,0.04622100487888385,0.05837837837837838,0.04669260700389105,0.0005395839807508411
2025,COMMERCIAL,2026,-1,Van: Passenger,Pickup,Light Truck,436,7.307069891788329e-05,0.03731918171702474,0.006109094985217671,0.00044294493361413605,0.00043566410297660505
2025,COMMERCIAL,2025,0,Pickup truck: Small,Pickup,Light Truck,4228,0.0007085846674880975,0.05914610262436349,0.04934986110138432,0.0042953467415609336,0.004224742723360289
2025,COMMERCIAL,2025,0,Pickup truck: Standard,Pickup,Light Truck,61907,0.010375201279608717,0.8660259638520508,0.07608806535705112,0.06289310092947321,0.061859306474708
2025,COMMERCIAL,2025,0,Sport utility vehicle: Small,Small SUV,Light Truck,117,1.9608421498606294e-05,0.0016367298975994628,0.023950870010235416,0.023950870010235416,0.00011690986249601557
2025,COMMERCIAL,2025,0,Sport utility vehicle: Standard,Midsize SUV,Light Truck,1253,0.00020999446271584347,0.01752839796318057,0.13545945945945945,0.10834414180717683,0.0012520346812607479
2025,COMMERCIAL,2025,0,Subcompact,Compact,Car,213,3.569738272823197e-05,0.002979687762296458,0.2393258426966292,0.11378205128205128,0.05481214616572311
2025,COMMERCIAL,2025,0,Two-seater,Midsize,Car,302,5.061319053486411e-05,0.004224721616025964,1.0,0.1499503475670308,0.07771487390633042
2025,COMMERCIAL,2025,0,Van: Cargo,Pickup,Light Truck,3,5.027800384258024e-07,4.1967433271781096e-05,0.00021969974368363237,3.0477862404642388e-06,2.9976887819491173e-06
2025,COMMERCIAL,2025,0,Van: Passenger,Pickup,Light Truck,3461,0.0005800405709972341,0.04841642885121146,0.04849444436660175,0.00351612939274891,0.0034583336247752984
2025,COMMERCIAL,2024,1,Pickup truck: Small,Pickup,Light Truck,4240,0.0007105957876418007,0.05707055751473874,0.04948992693232486,0.004307537886522791,0.004236733478488085
2025,COMMERCIAL,2024,1,Pickup truck: Standard,Pickup,Light Truck,63297,0.010608156030746005,0.8519799714647213,0.077796473305204,0.06430524188755497,0.06324823561034443
2025,COMMERCIAL,2024,1,Sport utility vehicle: Small,Small SUV,Light Truck,322,5.396505745770279e-05,0.004334131962204215,0.06591606960081883,0.06591606960081883,0.00032175192926253856
2025,COMMERCIAL,2024,1,Sport utility vehicle: Standard,Midsize SUV,Light Truck,1372,0.00022993807090673364,0.018467170969391874,0.14832432432432432,0.11863380890618244,0.0013709430029447296
2025,COMMERCIAL,2024,1,Subcompact,Compact,Car,190,3.1842735766967485e-05,0.002557407058443481,0.21348314606741572,0.1014957264957265,0.048893463715903245
2025,COMMERCIAL,2024,1,Van: Cargo,Pickup,Light Truck,3,5.027800384258024e-07,4.03801114491076e-05,0.00021969974368363237,3.0477862404642388e-06,2.9976887819491173e-06
2025,COMMERCIAL,2024,1,Van: Passenger,Pickup,Light Truck,4870,0.0008161795957112193,0.06555038091905134,0.06823690958259188,0.004947572997020281,0.0048662481226974
2025,COMMERCIAL,2023,2,Pickup truck: Small,Pickup,Light Truck,5827,0.0009765664279690503,0.10573782390941425,0.06801363307421154,0.005919816807728373,0.005822510844139169
2025,COMMERCIAL,2023,2,Pickup truck: Standard,Pickup,Light Truck,42181,0.007069254933612924,0.765424257821006,0.05184342133887562,0.04285289046967402,0.04214850350379857
2025,COMMERCIAL,2023,2,Sport utility vehicle: Small,Small SUV,Light Truck,323,5.4132650803844724e-05,0.005861217971982289,0.06612077789150461,0.06612077789150461,0.0003227511588565216
2025,COMMERCIAL,2023,2,Sport utility vehicle: Standard,Midsize SUV,Light Truck,880,0.00014748214460490205,0.01596864339115918,0.09513513513513513,0.07609165585819282,0.0008793220427050744
2025,COMMERCIAL,2023,2,Subcompact,Compact,Car,76,1.2737094306786994e-05,0.0013791101110546564,0.0853932584269663,0.0405982905982906,0.0195573854863613
2025,COMMERCIAL,2023,2,Van: Cargo,Pickup,Light Truck,1,1.6759334614193413e-07,1.8146185671771793e-05,7.323324789454412e-05,1.015928746821413e-06,9.992295939830391e-07
2025,COMMERCIAL,2023,2,Van: Passenger,Pickup,Light Truck,5820,0.0009753932745460566,0.10561080060971184,0.08154801104120837,0.005912705306500623,0.005815516236981288
2025,COMMERCIAL,2022,3,Compact,Compact,Car,110,1.8435268075612756e-05,0.0019102196752626551,0.1421188630490956,0.05876068376068376,0.028306742151312403
2025,COMMERCIAL,2022,3,Minicompact,Compact,Car,208,3.48594159975223e-05,0.0036120517495875663,1.0,0.1111111111111111,0.05352547606793618
2025,COMMERCIAL,2022,3,Minivan,Midsize SUV,Light Truck,12,2.0111201537032096e-06,0.0002083876009377442,0.005183585313174946,0.0010376134889753567,1.199075512779647e-05
2025,COMMERCIAL,2022,3,Pickup truck: Small,Pickup,Light Truck,4857,0.0008140008822113741,0.08434488147955196,0.056691645073184395,0.004934365923311603,0.0048532581379756206
2025,COMMERCIAL,2022,3,Pickup truck: Standard,Pickup,Light Truck,47963,0.008038279661005588,0.8329078753147521,0.05894990677500513,0.048726990483795425,0.047926049016208505
2025,COMMERCIAL,2022,3,Sport utility vehicle: Small,Small SUV,Light Truck,515,8.631057326309608e-05,0.008943301206911522,0.10542476970317298,0.10542476970317298,0.0005146032409012652
2025,COMMERCIAL,2022,3,Sport utility vehicle: Standard,Midsize SUV,Light Truck,1113,0.00018653139425597268,0.019327949986975776,0.12032432432432433,0.09623865110246434,0.0011121425381031226
2025,COMMERCIAL,2022,3,Station wagon: Small,Midsize,Car,75,1.256950096064506e-05,0.0013024225058609013,0.2533783783783784,0.03723932472691162,0.01930005146680391
2025,COMMERCIAL,2022,3,Subcompact,Compact,Car,45,7.541700576387036e-06,0.0007814535035165407,0.05056179775280899,0.02403846153846154,0.011580030880082347
2025,COMMERCIAL,2022,3,Van: Passenger,Pickup,Light Truck,2687,0.00045032332108337704,0.04666145697664322,0.03764939959926579,0.0027298005427091364,0.002684929919032426
2025,COMMERCIAL,2021,4,Compact,Compact,Car,299,5.011041049643831e-05,0.005455706596113493,0.3863049095607235,0.1597222222222222,0.07694287184765826
2025,COMMERCIAL,2021,4,Minivan,Midsize SUV,Light Truck,255,4.27363032661932e-05,0.00465286014049813,0.1101511879049676,0.02204928664072633,0.00025480354646567496
2025,COMMERCIAL,2021,4,Pickup truck: Small,Pickup,Light Truck,4703,0.0007881915069055162,0.08581333819906943,0.054894133576114106,0.004777912896301105,0.004699376780502233
2025,COMMERCIAL,2021,4,Pickup truck: Standard,Pickup,Light Truck,44807,0.007509355060581643,0.8175713894717636,0.05507096038337166,0.04552071935882705,0.04477248041759803
2025,COMMERCIAL,2021,4,Sport utility vehicle: Small,Small SUV,Light Truck,413,6.92160519566188e-05,0.0075358087765714805,0.08454452405322416,0.08454452405322416,0.00041268182231499515
2025,COMMERCIAL,2021,4,Sport utility vehicle: Standard,Midsize SUV,Light Truck,593,9.938285426216694e-05,0.010820180640452513,0.0641081081081081,0.05127539991353221,0.0005925431492319422
2025,COMMERCIAL,2021,4,Station wagon: Small,Midsize,Car,221,3.7038129497367446e-05,0.004032478788431712,0.7466216216216216,0.10973187686196624,0.056870818322182194
2025,COMMERCIAL,2021,4,Van: Cargo,Pickup,Light Truck,694,0.0001163097822225023,0.012663078186296872,0.050823874038813624,0.0007050545502940605,0.0006934653382242291
2025,COMMERCIAL,2021,4,Van: Passenger,Pickup,Light Truck,2820,0.00047261323612025425,0.05145515920080285,0.0395129538034721,0.0028649190660363843,0.00281782745503217
2025,COMMERCIAL,2020,5,Compact,Compact,Car,145,2.430103519058045e-05,0.003237618898763006,0.18733850129198967,0.07745726495726496,0.03731343283582089
2025,COMMERCIAL,2020,5,Minivan,Midsize SUV,Light Truck,86,1.4413027768206336e-05,0.0019202429330594383,0.037149028077753776,0.007436230004323389,8.593374508254137e-05
2025,COMMERCIAL,2020,5,Pickup truck: Small,Pickup,Light Truck,3798,0.0006365195286470659,0.0848032867413924,0.04433083549268156,0.0038584973804277264,0.0037950739979475826
2025,COMMERCIAL,2020,5,Pickup truck: Standard,Pickup,Light Truck,33142,0.005554378677835981,0.7400080382262314,0.04073385339401664,0.03366991052715527,0.03311646720378588
2025,COMMERCIAL,2020,5,Sport utility vehicle: Small,Small SUV,Light Truck,396,6.636696507220591e-05,0.008842048854552762,0.08106448311156601,0.08106448311156601,0.0003956949192172835
2025,COMMERCIAL,2020,5,Sport utility vehicle: Standard,Midsize SUV,Light Truck,691,0.00011580700218407648,0.015428928683070602,0.0747027027027027,0.05974924340683096,0.00069046764944228
2025,COMMERCIAL,2020,5,Van: Cargo,Pickup,Light Truck,699,0.00011714774895321196,0.015607555932657526,0.051190040278286345,0.0007101341940281676,0.0006984614861941443
2025,COMMERCIAL,2020,5,Van: Passenger,Pickup,Light Truck,5829,0.000976901614661334,0.13015227973027285,0.08167411621292157,0.005921848665222016,0.0058245093033271345
2025,COMMERCIAL,2019,6,Compact,Compact,Car,163,2.7317715421135263e-05,0.0025919094262816435,0.21059431524547803,0.08707264957264957,0.041945445187853835
2025,COMMERCIAL,2019,6,Minivan,Midsize SUV,Light Truck,174,2.916124222869654e-05,0.002766823559343595,0.07516198704103672,0.015045395590142672,0.0001738659493530488
2025,COMMERCIAL,2019,6,Pickup truck: Small,Pickup,Light Truck,5131,0.000859921459054264,0.08158949243098843,0.05988981487966011,0.00521273039994067,0.005127047046726974
2025,COMMERCIAL,2019,6,Pickup truck: Standard,Pickup,Light Truck,45760,0.007669071519454906,0.7276427935377179,0.056242264537752745,0.04648889945454786,0.045724746220663866
2025,COMMERCIAL,2019,6,Sport utility vehicle: Small,Small SUV,Light Truck,814,0.0001364209837595344,0.012943645846584403,0.16663254861821905,0.16663254861821905,0.0008133728895021938
2025,COMMERCIAL,2019,6,Sport utility vehicle: Standard,Midsize SUV,Light Truck,553,9.267912041648958e-05,0.008793410507569011,0.05978378378378378,0.04781668828361435,0.0005525739654726206
2025,COMMERCIAL,2019,6,Subcompact,Compact,Car,366,6.13391646879479e-05,0.005819870245515837,0.41123595505617977,0.1955128205128205,0.0941842511580031
2025,COMMERCIAL,2019,6,Van: Cargo,Pickup,Light Truck,491,8.228833295568967e-05,0.007807530848492558,0.03595752471622116,0.0004988210146893138,0.0004906217306456722
2025,COMMERCIAL,2019,6,Van: Passenger,Pickup,Light Truck,9436,0.0015814108141952905,0.15004452359750667,0.13221426669842648,0.009586303655006852,0.009428730448823957
2025,COMMERCIAL,2018,7,Minivan,Midsize SUV,Light Truck,92,1.541858784505794e-05,0.0013251710478934101,0.03974082073434125,0.007955036748811067,9.19291226464396e-05
2025,COMMERCIAL,2018,7,Pickup truck: Small,Pickup,Light Truck,5446,0.0009127133630889733,0.07844436442203817,0.06356654294184934,0.005532747955189415,0.005441804368831631
2025,COMMERCIAL,2018,7,Pickup truck: Standard,Pickup,Light Truck,54799,0.009183947775231849,0.7893266114512063,0.06735183248261173,0.05567187939706661,0.05475678252067656
2025,COMMERCIAL,2018,7,Sport utility vehicle: Small,Small SUV,Light Truck,164,2.7485308767277197e-05,0.0023622614332012965,0.03357215967246673,0.03357215967246673,0.0001638736534132184
2025,COMMERCIAL,2018,7,Sport utility vehicle: Standard,Midsize SUV,Light Truck,280,4.692613691974156e-05,0.004033129276197335,0.03027027027027027,0.02421098140942499,0.00027978428631525096
2025,COMMERCIAL,2018,7,Van: Cargo,Pickup,Light Truck,385,6.452343826464465e-05,0.005545552754771336,0.028194800439399488,0.00039113256752624397,0.00038470339368347007
2025,COMMERCIAL,2018,7,Van: Passenger,Pickup,Light Truck,8259,0.001384153445786234,0.11896290961469211,0.11572251257548796,0.008390555519998049,0.008252637216705919
2025,COMMERCIAL,2017,8,Mid-size,Midsize,Car,186,3.117236238239975e-05,0.0024274695587486786,0.13135593220338984,0.09235352532274081,0.0478641276376737
2025,COMMERCIAL,2017,8,Minivan,Midsize SUV,Light Truck,147,2.463622188286432e-05,0.0019184840061078267,0.06349892008639309,0.01271076523994812,0.00014688675031550674
2025,COMMERCIAL,2017,8,Pickup truck: Small,Pickup,Light Truck,5579,0.0009350032781258506,0.07281103585085419,0.06511893923477367,0.005667866478516663,0.005574701904831375
2025,COMMERCIAL,2017,8,Pickup truck: Standard,Pickup,Light Truck,61841,0.010364140118763349,0.807081424637511,0.07600694670627552,0.062826049632183,0.06179335732150512
2025,COMMERCIAL,2017,8,Sport utility vehicle: Small,Small SUV,Light Truck,183,3.066958234397395e-05,0.0023883168239301517,0.03746161719549642,0.03746161719549642,0.00018285901569889615
2025,COMMERCIAL,2017,8,Sport utility vehicle: Standard,Midsize SUV,Light Truck,278,4.659095022745769e-05,0.003628153426516842,0.030054054054054053,0.024038045827929098,0.00027778582712728486
2025,COMMERCIAL,2017,8,Van: Cargo,Pickup,Light Truck,331,5.5473397572980196e-05,0.004319851741644154,0.024240205053094106,0.00033627241519788766,0.00033074499560838594
2025,COMMERCIAL,2017,8,Van: Passenger,Pickup,Light Truck,8078,0.001353819050134544,0.10542526395468724,0.11318639745547787,0.008206672416823374,0.00807177666019499
2025,COMMERCIAL,2016,9,Mid-size,Midsize,Car,252,4.22335232277674e-05,0.004806408544726302,0.17796610169491525,0.12512413108242304,0.06484817292846114
2025,COMMERCIAL,2016,9,Minivan,Midsize SUV,Light Truck,189,3.167514242082555e-05,0.003604806408544726,0.0816414686825054,0.01634241245136187,0.0001888543932627944
2025,COMMERCIAL,2016,9,Pickup truck: Small,Pickup,Light Truck,4735,0.0007935544939820581,0.09031089071142476,0.05526764245862222,0.00481042261619939,0.00473135212750969
2025,COMMERCIAL,2016,9,Pickup truck: Standard,Pickup,Light Truck,41111,0.006889930053241055,0.7841121495327102,0.050528315939937785,0.04176584671057511,0.04107932783823672
2025,COMMERCIAL,2016,9,Sport utility vehicle: Small,Small SUV,Light Truck,140,2.346306845987078e-05,0.0026702269692923898,0.028659160696008188,0.028659160696008188,0.00013989214315762548
2025,COMMERCIAL,2016,9,Sport utility vehicle: Standard,Midsize SUV,Light Truck,89,1.4915807806632138e-05,0.0016975014304787335,0.00962162162162162,0.007695633376567229,8.893143386449048e-05
2025,COMMERCIAL,2016,9,Van: Cargo,Pickup,Light Truck,168,2.8155682151844933e-05,0.0032042723631508676,0.012303185646283413,0.00017067602946599738,0.00016787057178915056
2025,COMMERCIAL,2016,9,Van: Passenger,Pickup,Light Truck,5746,0.0009629913669315536,0.10959374403967194,0.08051114629601087,0.005837526579235839,0.005741573247026542
2025,COMMERCIAL,2015,10,Minivan,Midsize SUV,Light Truck,107,1.793248803718695e-05,0.0022629697777213796,0.04622030237580994,0.009252053610030264,0.00010691756655618518
2025,COMMERCIAL,2015,10,Pickup truck: Small,Pickup,Light Truck,4200,0.0007038920537961234,0.08882685108812892,0.04902304082918972,0.004266900736649934,0.004196764294728764
2025,COMMERCIAL,2015,10,Pickup truck: Standard,Pickup,Light Truck,37037,0.006207154761058814,0.7833047818454836,0.045521082860243624,0.03762695299602467,0.037008466472349816
2025,COMMERCIAL,2015,10,Sport utility vehicle: Small,Small SUV,Light Truck,120,2.0111201537032096e-05,0.002537910031089398,0.02456499488229273,0.02456499488229273,0.00011990755127796469
2025,COMMERCIAL,2015,10,Sport utility vehicle: Standard,Midsize SUV,Light Truck,83,1.3910247729780532e-05,0.0017553877715035002,0.008972972972972972,0.00717682663207955,8.293605630059225e-05
2025,COMMERCIAL,2015,10,Van: Cargo,Pickup,Light Truck,644,0.00010793011491540558,0.013620117166846435,0.04716221164408642,0.00065425811295299,0.0006435038585250771
2025,COMMERCIAL,2015,10,Van: Passenger,Pickup,Light Truck,5092,0.0008533853185547286,0.10769198231922679,0.07134750381818436,0.0051731091788146345,0.005088077092561635
2025,COMMERCIAL,2014,11,Mid-size,Midsize,Car,50,8.379667307096706e-06,0.001309723386420788,0.03531073446327684,0.024826216484607744,0.012866700977869275
2025,COMMERCIAL,2014,11,Minivan,Midsize SUV,Light Truck,113,1.8938048114038558e-05,0.0029599748533109807,0.04881209503239741,0.009770860354517942,0.00011291294412008342
2025,COMMERCIAL,2014,11,Pickup truck: Small,Pickup,Light Truck,2321,0.00038898415639542915,0.06079735959765298,0.02709106613441651,0.0023579706213724995,0.0023192118876346336
2025,COMMERCIAL,2014,11,Pickup truck: Standard,Pickup,Light Truck,33110,0.005549015690759439,0.8672988264878457,0.040694523139095135,0.03363740080725698,0.03308449185677843
2025,COMMERCIAL,2014,11,Sport utility vehicle: Small,Small SUV,Light Truck,131,2.195472834459337e-05,0.003431475272422464,0.026816786079836234,0.026816786079836234,0.00013089907681177812
2025,COMMERCIAL,2014,11,Sport utility vehicle: Standard,Midsize SUV,Light Truck,46,7.70929392252897e-06,0.0012049455155071249,0.004972972972972973,0.003977518374405534,4.59645613232198e-05
2025,COMMERCIAL,2014,11,Van: Cargo,Pickup,Light Truck,249,4.17307431893416e-05,0.006522422464375524,0.018235078725741486,0.00025296625795853184,0.00024880816890177673
2025,COMMERCIAL,2014,11,Van: Passenger,Pickup,Light Truck,2156,0.00036133125428201,0.056475272422464376,0.030209194468186467,0.0021903423781469665,0.0021543390046274325
2025,COMMERCIAL,2013,12,Minivan,Midsize SUV,Light Truck,76,1.2737094306786994e-05,0.0026846585891412626,0.03282937365010799,0.006571552096843926,7.594144914271098e-05
2025,COMMERCIAL,2013,12,Pickup truck: Small,Pickup,Light Truck,2158,0.0003616664409742939,0.07623017414956375,0.025188505264140813,0.002192374235640609,0.0021563374638153983
2025,COMMERCIAL,2013,12,Pickup truck: Standard,Pickup,Light Truck,23923,0.00400933561975349,0.845066939842453,0.02940305276522419,0.024304063410208663,0.023904569576856244
2025,COMMERCIAL,2013,12,Sport utility vehicle: Small,Small SUV,Light Truck,171,2.865846219027074e-05,0.006040481825567841,0.03500511770726714,0.03500511770726714,0.00017086826057109968
2025,COMMERCIAL,2013,12,Sport utility vehicle: Standard,Midsize SUV,Light Truck,90,1.5083401152774072e-05,0.0031792009608251795,0.00972972972972973,0.007782101167315175,8.993066345847352e-05
2025,COMMERCIAL,2013,12,Van: Cargo,Pickup,Light Truck,197,3.301588918996102e-05,0.006958917658695114,0.014426949835225193,0.00020013796312381835,0.0001968482300146587
2025,COMMERCIAL,2013,12,Van: Passenger,Pickup,Light Truck,1694,0.00028390312836443644,0.05983962697375393,0.02373579565357508,0.0017209832971154734,0.0016926949322072682
2025,COMMERCIAL,2012,13,Minivan,Midsize SUV,Light Truck,64,1.0725974153083784e-05,0.0022051476415256865,0.027645788336933045,0.005533938607868569,6.39506940149145e-05
2025,COMMERCIAL,2012,13,Pickup truck: Small,Pickup,Light Truck,2437,0.00040842498454789347,0.08396788753747028,0.028445035833508416,0.002475818356003783,0.0024351225205366664
2025,COMMERCIAL,2012,13,Pickup truck: Standard,Pickup,Light Truck,24655,0.004132013949129386,0.8494986734658719,0.030302732346553625,0.025047723252881935,0.024636005639651827
2025,COMMERCIAL,2012,13,Sport utility vehicle: Small,Small SUV,Light Truck,136,2.279269507530304e-05,0.0046859387382420835,0.027840327533265097,0.027840327533265097,0.0001358952247816933
2025,COMMERCIAL,2012,13,Sport utility vehicle: Standard,Midsize SUV,Light Truck,51,8.54726065323864e-06,0.0017572270268407814,0.005513513513513513,0.004409857328145266,5.0960709293134995e-05
2025,COMMERCIAL,2012,13,Van: Cargo,Pickup,Light Truck,1680,0.0002815568215184493,0.05788512559004927,0.12303185646283413,0.0017067602946599738,0.0016787057178915057
2025,COMMERCIAL,2011,14,Minivan,Midsize SUV,Light Truck,171,2.865846219027074e-05,0.004353914704010185,0.07386609071274298,0.014785992217898832,0.00017086826057109968
2025,COMMERCIAL,2011,14,Pickup truck: Small,Pickup,Light Truck,6674,0.0011185179921512683,0.16992998090388287,0.07789994630809814,0.00678030845628611,0.0066688583102428025
2025,COMMERCIAL,2011,14,Pickup truck: Standard,Pickup,Light Truck,30238,0.005067687600639804,0.7699045194143858,0.03716463275989002,0.030719653446385883,0.030214704462859135
2025,COMMERCIAL,2011,14,Sport utility vehicle: Small,Small SUV,Light Truck,160,2.681493538270946e-05,0.004073838319541693,0.032753326509723645,0.032753326509723645,0.00015987673503728626
2025,COMMERCIAL,2011,14,Sport utility vehicle: Standard,Midsize SUV,Light Truck,71,1.1899127576077324e-05,0.0018077657542966263,0.007675675675675676,0.0061392131431041936,7.094530117279577e-05
2025,COMMERCIAL,2011,14,Van: Cargo,Pickup,Light Truck,1961,0.00032865055178433284,0.04992998090388288,0.14361039912120102,0.001992236272516791,0.0019594892338007396
2025,COMMERCIAL,2010,15,Minivan,Midsize SUV,Light Truck,542,9.08355936089283e-05,0.01686791983069837,0.23412526997840172,0.04686554258538694,0.0005415824399388072
2025,COMMERCIAL,2010,15,Pickup truck: Small,Pickup,Light Truck,7026,0.0011775108499932293,0.21866052533300137,0.08200854401568737,0.007137915375167247,0.007020587127324833
2025,COMMERCIAL,2010,15,Pickup truck: Standard,Pickup,Light Truck,22511,0.0037726938150010794,0.700578862193452,0.02766760526681276,0.022869572019696825,0.022493657390152192
2025,COMMERCIAL,2010,15,Sport utility vehicle: Small,Small SUV,Light Truck,195,3.2680702497677155e-05,0.0060687165442549484,0.03991811668372569,0.03991811668372569,0.00019484977082669263
2025,COMMERCIAL,2010,15,Sport utility vehicle: Standard,Midsize SUV,Light Truck,41,6.871327191819299e-06,0.0012759865554587328,0.004432432432432433,0.003545179420665802,4.09684133533046e-05
2025,COMMERCIAL,2010,15,Van: Cargo,Pickup,Light Truck,1817,0.00030451710993989434,0.05654798954313457,0.13306481142438667,0.0018459425329745073,0.001815600172267182
2025,COMMERCIAL,2009,16,Mid-size,Midsize,Car,168,2.8155682151844933e-05,0.006809614527177658,0.11864406779661017,0.08341608738828203,0.04323211528564076
2025,COMMERCIAL,2009,16,Minivan,Midsize SUV,Light Truck,177,2.9664022267122343e-05,0.007174415305419318,0.07645788336933046,0.01530479896238651,0.00017686363813499792
2025,COMMERCIAL,2009,16,Pickup truck: Small,Pickup,Light Truck,5157,0.0008642788860539543,0.20903084593247132,0.06019329084669795,0.005239144547358026,0.005153027016170533
2025,COMMERCIAL,2009,16,Pickup truck: Standard,Pickup,Light Truck,17342,0.0029064038087934217,0.7029305662518747,0.02131454002652334,0.017618236327376944,0.017328639618853864
2025,COMMERCIAL,2009,16,Sport utility vehicle: Small,Small SUV,Light Truck,94,1.575377453734181e-05,0.003810141461635118,0.01924257932446264,0.01924257932446264,9.392758183440567e-05
2025,COMMERCIAL,2009,16,Sport utility vehicle: Standard,Midsize SUV,Light Truck,87,1.458062111434827e-05,0.003526407523002716,0.009405405405405406,0.007522697795071336,8.69329746765244e-05
2025,COMMERCIAL,2009,16,Van: Cargo,Pickup,Light Truck,571,9.569580064704439e-05,0.02314458270844311,0.04181618454778469,0.0005800953144350268,0.0005705600981643153
2025,COMMERCIAL,2009,16,Van: Passenger,Pickup,Light Truck,1075,0.0001801628471025792,0.04357342628997608,0.015062562176855497,0.0010921234028330189,0.001074171813531767
2025,COMMERCIAL,2008,17,Mid-size,Midsize,Car,319,5.346227741927699e-05,0.011001138048763666,0.2252824858757062,0.15839126117179742,0.08208955223880597
2025,COMMERCIAL,2008,17,Minivan,Midsize SUV,Light Truck,61,1.0223194114657982e-05,0.0021036658964720487,0.026349892008639308,0.00527453523562473,6.0953005232965385e-05
2025,COMMERCIAL,2008,17,Pickup truck: Small,Pickup,Light Truck,6299,0.001055670487348043,0.21722936855536779,0.0735228890912062,0.00639933517622808,0.006294147212499163
2025,COMMERCIAL,2008,17,Pickup truck: Standard,Pickup,Light Truck,20203,0.0033858883721054954,0.6967272476463082,0.024830910630599185,0.020524808472033005,0.02018743548723934
2025,COMMERCIAL,2008,17,Sport utility vehicle: Small,Small SUV,Light Truck,97,1.625655457576761e-05,0.003345173638652274,0.01985670419651996,0.01985670419651996,9.692527061635479e-05
2025,COMMERCIAL,2008,17,Sport utility vehicle: Standard,Midsize SUV,Light Truck,186,3.117236238239975e-05,0.006414456667931165,0.02010810810810811,0.016083009079118027,0.00018585670448084527
2025,COMMERCIAL,2008,17,Van: Cargo,Pickup,Light Truck,689,0.00011547181549179262,0.02376107873228265,0.0504577077993409,0.0006999749065599535,0.000688469190254314
2025,COMMERCIAL,2008,17,Van: Passenger,Pickup,Light Truck,1143,0.00019155919464023072,0.03941787081422216,0.01601535680757752,0.001161206557616875,0.0011421194259226136
2025,COMMERCIAL,2007,18,Mid-size,Midsize,Car,212,3.552978938209003e-05,0.008940620782726045,0.1497175141242938,0.10526315789473684,0.054554812146165726
2025,COMMERCIAL,2007,18,Minivan,Midsize SUV,Light Truck,16,2.681493538270946e-06,0.0006747638326585695,0.006911447084233261,0.0013834846519671423,1.5987673503728626e-05
2025,COMMERCIAL,2007,18,Pickup truck: Standard,Pickup,Light Truck,21427,0.0035910226277832227,0.903635290148448,0.026335292881346766,0.021768305258142415,0.02141049251027458
2025,COMMERCIAL,2007,18,Sport utility vehicle: Small,Small SUV,Light Truck,74,1.2401907614503126e-05,0.003120782726045884,0.015148413510747185,0.015148413510747185,7.394298995474489e-05
2025,COMMERCIAL,2007,18,Sport utility vehicle: Standard,Midsize SUV,Light Truck,299,5.011041049643831e-05,0.012609649122807017,0.032324324324324326,0.02585386943363597,0.00029876964860092866
2025,COMMERCIAL,2007,18,Van: Cargo,Pickup,Light Truck,640,0.00010725974153083784,0.02699055330634278,0.046869278652508235,0.0006501943979657043,0.000639506940149145
2025,COMMERCIAL,2007,18,Van: Passenger,Pickup,Light Truck,1044,0.00017496745337217923,0.04402834008097166,0.014628199918732222,0.001060629611681555,0.0010431956961182928
2025,COMMERCIAL,2006,19,Mid-size,Midsize,Car,229,3.837887626650292e-05,0.012787580969399151,0.1617231638418079,0.11370407149950347,0.058929490478641273
2025,COMMERCIAL,2006,19,Minivan,Midsize SUV,Light Truck,18,3.0166802305548145e-06,0.0010051373687737324,0.007775377969762419,0.0015564202334630351,1.7986132691694702e-05
2025,COMMERCIAL,2006,19,Pickup truck: Standard,Pickup,Light Truck,16132,0.0027036158599616817,0.9008264462809917,0.019827364762303918,0.016388962543723032,0.016119571810134386
2025,COMMERCIAL,2006,19,Sport utility vehicle: Small,Small SUV,Light Truck,146,2.4468628536722384e-05,0.008152780880053606,0.029887410440122823,0.029887410440122823,0.00014588752072152372
2025,COMMERCIAL,2006,19,Sport utility vehicle: Standard,Midsize SUV,Light Truck,182,3.0501988997832013e-05,0.010163055617601072,0.019675675675675675,0.015737137916126243,0.0001818597861049131
2025,COMMERCIAL,2006,19,Van: Cargo,Pickup,Light Truck,559,9.368468049334118e-05,0.03121509939691758,0.04093738557305016,0.0005679041694731698,0.0005585693430365189
2025,COMMERCIAL,2006,19,Van: Passenger,Pickup,Light Truck,642,0.00010759492822312171,0.035849899486263125,0.008995502248875561,0.0006522262554593471,0.0006415053993371111
2025,COMMERCIAL,2005,20,Compact,Compact,Car,57,9.552820730090246e-06,0.0035485276722903567,0.07364341085271318,0.030448717948717948,0.014668039114770973
2025,COMMERCIAL,2005,20,Minivan,Midsize SUV,Light Truck,8,1.340746769135473e-06,0.0004980389715495238,0.0034557235421166306,0.0006917423259835712,7.993836751864313e-06
2025,COMMERCIAL,2005,20,Pickup truck: Standard,Pickup,Light Truck,14631,0.0024520582474026383,0.9108510240926353,0.017982529992392055,0.014864053494744093,0.014619728189565844
2025,COMMERCIAL,2005,20,Sport utility vehicle: Small,Small SUV,Light Truck,40,6.703733845677365e-06,0.002490194857747619,0.008188331627430911,0.008188331627430911,3.9969183759321564e-05
2025,COMMERCIAL,2005,20,Sport utility vehicle: Standard,Midsize SUV,Light Truck,178,2.9831615613264277e-05,0.011081367116976904,0.01924324324324324,0.015391266753134458,0.00017786286772898097
2025,COMMERCIAL,2005,20,Van: Cargo,Pickup,Light Truck,797,0.0001335718968751215,0.049617132540621306,0.05836689857195167,0.0008096952112166662,0.0007963859864044821
2025,COMMERCIAL,2005,20,Van: Passenger,Pickup,Light Truck,352,5.899285784196082e-05,0.021913714748179044,0.004932113382561056,0.00035760691888113736,0.00035172881708202974
2025,COMMERCIAL,2004,21,Minivan,Midsize SUV,Light Truck,3,5.027800384258024e-07,0.00021554821094984912,0.0012958963282937365,0.00025940337224383917,2.9976887819491173e-06
2025,COMMERCIAL,2004,21,Pickup truck: Small,Pickup,Light Truck,176,2.949642892098041e-05,0.012645495042391148,0.002054298853794617,0.00017880345944056868,0.00017586440854101487
2025,COMMERCIAL,2004,21,Pickup truck: Standard,Pickup,Light Truck,12889,0.002160110638423389,0.9260669636442017,0.0158414892401026,0.013094305617781191,0.01287907023684739
2025,COMMERCIAL,2004,21,Sport utility vehicle: Small,Small SUV,Light Truck,36,6.033360461109629e-06,0.0025865785313981893,0.00736949846468782,0.00736949846468782,3.5972265383389405e-05
2025,COMMERCIAL,2004,21,Sport utility vehicle: Standard,Midsize SUV,Light Truck,120,2.0111201537032096e-05,0.008621928437993965,0.012972972972972972,0.010376134889753566,0.00011990755127796469
2025,COMMERCIAL,2004,21,Van: Cargo,Pickup,Light Truck,413,6.92160519566188e-05,0.02967380370742923,0.030245331380446723,0.00041957857243724354,0.00041268182231499515
2025,COMMERCIAL,2004,21,Van: Passenger,Pickup,Light Truck,281,4.7093730265883495e-05,0.020189682425635867,0.003937283694601297,0.00028547597785681704,0.000280783515909234
2025,COMMERCIAL,2003,22,Minivan,Midsize SUV,Light Truck,1,1.6759334614193413e-07,7.807010695604653e-05,0.00043196544276457883,8.64677907479464e-05,9.992295939830391e-07
2025,COMMERCIAL,2003,22,Pickup truck: Small,Pickup,Light Truck,227,3.804368957421905e-05,0.017721914279022564,0.0026495786352919207,0.00023061582552846074,0.00022682511783414988
2025,COMMERCIAL,2003,22,Pickup truck: Standard,Pickup,Light Truck,12014,0.0020134664605491966,0.937934264969943,0.014766052582092688,0.012205367964312454,0.012004744342112232
2025,COMMERCIAL,2003,22,Sport utility vehicle: Small,Small SUV,Light Truck,28,4.692613691974156e-06,0.002185962994769303,0.005731832139201637,0.005731832139201637,2.7978428631525095e-05
2025,COMMERCIAL,2003,22,Sport utility vehicle: Standard,Midsize SUV,Light Truck,102,1.709452130647728e-05,0.007963150909516745,0.011027027027027026,0.008819714656290532,0.00010192141858626999
2025,COMMERCIAL,2003,22,Van: Cargo,Pickup,Light Truck,258,4.3239083304619005e-05,0.020142087594660005,0.018894177956792383,0.0002621096166799245,0.0002578012352476241
2025,COMMERCIAL,2003,22,Van: Passenger,Pickup,Light Truck,179,2.999920895940621e-05,0.013974549145132329,0.0025080917485182644,0.0001818512456810329,0.000178862097322964
2025,COMMERCIAL,2002,23,Minivan,Midsize SUV,Light Truck,1,1.6759334614193413e-07,0.00011547344110854503,0.00043196544276457883,8.64677907479464e-05,9.992295939830391e-07
2025,COMMERCIAL,2002,23,Pickup truck: Small,Pickup,Light Truck,197,3.301588918996102e-05,0.02274826789838337,0.0022994140579405656,0.00020013796312381835,0.0001968482300146587
2025,COMMERCIAL,2002,23,Pickup truck: Standard,Pickup,Light Truck,8151,0.001366053364402905,0.9412240184757505,0.010018153370787207,0.008280835215341337,0.008144720420555751
2025,COMMERCIAL,2002,23,Sport utility vehicle: Small,Small SUV,Light Truck,17,2.84908688441288e-06,0.0019630484988452657,0.003480040941658137,0.003480040941658137,1.6986903097711664e-05
2025,COMMERCIAL,2002,23,Sport utility vehicle: Standard,Midsize SUV,Light Truck,28,4.692613691974156e-06,0.003233256351039261,0.003027027027027027,0.002421098140942499,2.7978428631525095e-05
2025,COMMERCIAL,2002,23,Van: Cargo,Pickup,Light Truck,158,2.6479748690425593e-05,0.018244803695150115,0.01157085316733797,0.00016051674199778324,0.00015787827584932016
2025,COMMERCIAL,2002,23,Van: Passenger,Pickup,Light Truck,108,1.8100081383328888e-05,0.012471131639722863,0.0015132620605585057,0.00010972030465671259,0.00010791679615016821
2025,COMMERCIAL,2001,24,Minivan,Midsize SUV,Light Truck,1,1.6759334614193413e-07,0.00013904338153503893,0.00043196544276457883,8.64677907479464e-05,9.992295939830391e-07
2025,COMMERCIAL,2001,24,Pickup truck: Small,Pickup,Light Truck,95,1.5921367883483742e-05,0.013209121245828698,0.001108854494945958,9.651323094803423e-05,9.49268114283887e-05
2025,COMMERCIAL,2001,24,Pickup truck: Standard,Pickup,Light Truck,6822,0.0011433218073802747,0.9485539488320356,0.008384718721078436,0.006930665910815679,0.006816744290152292
2025,COMMERCIAL,2001,24,Sport utility vehicle: Small,Small SUV,Light Truck,18,3.0166802305548145e-06,0.002502780867630701,0.00368474923234391,0.00368474923234391,1.7986132691694702e-05
2025,COMMERCIAL,2001,24,Sport utility vehicle: Standard,Midsize SUV,Light Truck,24,4.022240307406419e-06,0.0033370411568409346,0.0025945945945945945,0.0020752269779507134,2.398151025559294e-05
2025,COMMERCIAL,2001,24,Van: Cargo,Pickup,Light Truck,128,2.145194830616757e-05,0.017797552836484983,0.009373855730501647,0.00013003887959314085,0.000127901388029829
2025,COMMERCIAL,2001,24,Van: Passenger,Pickup,Light Truck,104,1.742970799876115e-05,0.014460511679644048,0.0014572153175748575,0.00010565658966942694,0.00010391987777423606
2025,COMMERCIAL,2000,25,Minivan,Midsize SUV,Light Truck,1,1.6759334614193413e-07,0.00018456995201181247,0.00043196544276457883,8.64677907479464e-05,9.992295939830391e-07
2025,COMMERCIAL,2000,25,Pickup truck: Small,Pickup,Light Truck,139,2.3295475113728846e-05,0.025655223329641933,0.0016224292083946122,0.0001412140958081764,0.00013889291356364243
2025,COMMERCIAL,2000,25,Pickup truck: Standard,Pickup,Light Truck,5070,0.000849698264939606,0.9357696566998892,0.006231387264126014,0.005150758746384564,0.005066094041494008
2025,COMMERCIAL,2000,25,Sport utility vehicle: Small,Small SUV,Light Truck,12,2.0111201537032096e-06,0.0022148394241417496,0.0024564994882292734,0.0024564994882292734,1.199075512779647e-05
2025,COMMERCIAL,2000,25,Sport utility vehicle: Standard,Midsize SUV,Light Truck,20,3.3518669228386826e-06,0.0036913990402362494,0.002162162162162162,0.0017293558149589277,1.9984591879660782e-05
2025,COMMERCIAL,2000,25,Van: Cargo,Pickup,Light Truck,119,1.9943608190890162e-05,0.021963824289405683,0.00871475649945075,0.00012089552087174815,0.00011890832168398165
2025,COMMERCIAL,2000,25,Van: Passenger,Pickup,Light Truck,57,9.552820730090246e-06,0.010520487264673311,0.0007986660875169892,5.7907938568820536e-05,5.6956086857033225e-05
2025,PASSENGER,2026,-1,Compact,Compact,Car,3143,0.000526745886924099,0.04690694724274308,0.0058598593111728855,0.004274102853164236,0.002078453519483766
2025,PASSENGER,2026,-1,Full-size,Midsize,Car,646,0.00010826530160768945,0.009641071561823745,0.009995048892189627,0.000831592267479207,0.00042719725535682876
2025,PASSENGER,2026,-1,Mid-size,Midsize,Car,3171,0.0005314385006160732,0.04732482650548467,0.006867099641161018,0.004082010960025643,0.0020969698091896347
2025,PASSENGER,2026,-1,Minicompact,Compact,Car,742,0.00012435426283731514,0.011073800462652042,0.05275131522820987,0.0010090309631078155,0.0004906816772055216
2025,PASSENGER,2026,-1,Minivan,Midsize SUV,Light Truck,13433,0.0022512814187246014,0.2004775763002761,0.024690699952761783,0.014888516235720246,0.003893640117275872
2025,PASSENGER,2026,-1,Pickup truck: Standard,Pickup,Light Truck,396,6.636696507220591e-05,0.005910006715916722,0.009274656299037403,0.0061004729407052516,0.00011478310775264241
2025,PASSENGER,2026,-1,Sport utility vehicle: Small,Small SUV,Light Truck,31665,0.005306843305584345,0.4725766733825834,0.01275357625744462,0.01275357625744462,0.009178300775220761
2025,PASSENGER,2026,-1,Sport utility vehicle: Standard,Midsize SUV,Light Truck,5032,0.0008433297177862126,0.07509887321841653,0.014048488503244106,0.005577236186864013,0.0014585570661901429
2025,PASSENGER,2026,-1,Station wagon: Mid-size,Midsize,Car,368,6.167435138023176e-05,0.005492127453175137,0.009671230716669733,0.00047372438766617365,0.00024335695041998912
2025,PASSENGER,2026,-1,Station wagon: Small,Midsize,Car,5386,0.0009026577623204573,0.08038206104022087,0.03153875882745617,0.006933368347744596,0.0035617405841360367
2025,PASSENGER,2026,-1,Subcompact,Compact,Car,1989,0.00033334316547630697,0.029684351914036265,0.010755304652520926,0.002704801328330788,0.0013153178651776043
2025,PASSENGER,2026,-1,Two-seater,Midsize,Car,1034,0.0001732915199107599,0.015431684202671443,0.024856366739585085,0.0013310625457794117,0.0006837801269952955
2025,PASSENGER,2025,0,Compact,Compact,Car,25913,0.004342846378575939,0.07535258367501235,0.04831261035011867,0.0352385705485348,0.017136164826720594
2025,PASSENGER,2025,0,Full-size,Midsize,Car,1259,0.00021100002279269506,0.0036610544069324495,0.019479514791434584,0.0016207038154122625,0.0008325717407031693
2025,PASSENGER,2025,0,Mid-size,Midsize,Car,12216,0.0020473203164698673,0.035522987001657506,0.026454900415144433,0.01572558999926624,0.008078392680246162
2025,PASSENGER,2025,0,Minicompact,Compact,Car,302,5.061319053486411e-05,0.0008781877926081014,0.021470211858381914,0.000410683761264906,0.00019971141039901283
2025,PASSENGER,2025,0,Minivan,Midsize SUV,Light Truck,40953,0.006863450304550629,0.11908749890953503,0.07527419304440208,0.04539041207484935,0.011870486393419102
2025,PASSENGER,2025,0,Pickup truck: Standard,Pickup,Light Truck,23,3.854646961264485e-06,6.688185175492164e-05,0.0005386795325198492,0.0003543203980712646,6.666695652299938e-06
2025,PASSENGER,2025,0,Sport utility vehicle: Small,Small SUV,Light Truck,183231,0.030708296406932734,0.5328186338654802,0.07379916410004217,0.07379916410004217,0.053110665698546514
2025,PASSENGER,2025,0,Sport utility vehicle: Standard,Midsize SUV,Light Truck,39931,0.006692169904793572,0.11611561836633807,0.11148056327961853,0.044257674518614246,0.011574253221390818
2025,PASSENGER,2025,0,Station wagon: Mid-size,Midsize,Car,55,9.217634037806378e-06,0.0001599348628922039,0.0014454285038500959,7.080119924358573e-05,3.637128335081359e-05
2025,PASSENGER,2025,0,Station wagon: Small,Midsize,Car,17954,0.0030089709366322853,0.052208555061211435,0.10513309988639957,0.023112086022169787,0.011872909477827404
2025,PASSENGER,2025,0,Subcompact,Compact,Car,17243,0.00288981206752537,0.050141033470004946,0.09323967728678649,0.023448410912221107,0.011402727978510524
2025,PASSENGER,2025,0,Two-seater,Midsize,Car,1082,0.00018133600052557274,0.003146354939079357,0.026010240630784394,0.0013928526833010867,0.0007155223379196419
2025,PASSENGER,2025,0,Van: Passenger,Pickup,Light Truck,3728,0.0006247879944171305,0.010840675797493385,0.22150920974450386,0.057430714956942366,0.0010805844083380072
2025,PASSENGER,2024,1,Compact,Compact,Car,26732,0.004480105329066183,0.07754834442465348,0.04983956700804123,0.03635231227196512,0.017677766300617254
2025,PASSENGER,2024,1,Full-size,Midsize,Car,2759,0.0004623900420055963,0.0080037364307803,0.04268783265255601,0.0035516456129646005,0.0018245158320889946
2025,PASSENGER,2024,1,Mid-size,Midsize,Car,17807,0.002984334714749421,0.05165731591986401,0.03856273835072666,0.02292285372600966,0.011775698956871593
2025,PASSENGER,2024,1,Minicompact,Compact,Car,387,6.485862495692851e-05,0.001122669807434569,0.027513152282098677,0.0005262735616209226,0.0002559215755775429
2025,PASSENGER,2024,1,Minivan,Midsize SUV,Light Truck,34012,0.0057001848889794635,0.09866730100895235,0.06251619792997348,0.0376973285349004,0.009858593588088065
2025,PASSENGER,2024,1,Pickup truck: Standard,Pickup,Light Truck,34,5.69817376882576e-06,9.863248954205515e-05,0.000796308874159777,0.0005237779797575217,9.85511531209556e-06
2025,PASSENGER,2024,1,Sport utility vehicle: Small,Small SUV,Light Truck,205829,0.03449557084304816,0.5971007849985785,0.08290086365051536,0.08290086365051536,0.059660839105097556
2025,PASSENGER,2024,1,Sport utility vehicle: Standard,Midsize SUV,Light Truck,32737,0.005486503372648497,0.09496858265112527,0.0913961383407596,0.036284177474039586,0.009489026763884481
2025,PASSENGER,2024,1,Station wagon: Mid-size,Midsize,Car,1623,0.0002720040007883591,0.004708250897845751,0.04265328112270374,0.00208927902495163,0.0010732835068794628
2025,PASSENGER,2024,1,Station wagon: Small,Midsize,Car,6870,0.0011513662879950874,0.019929564798644675,0.04022860622811435,0.008843713432789708,0.00454310393854708
2025,PASSENGER,2024,1,Subcompact,Compact,Car,11021,0.001847046267830256,0.0319714313894997,0.059594878117362055,0.014987237526160692,0.00728814388744212
2025,PASSENGER,2024,1,Two-seater,Midsize,Car,1708,0.0002862494352104235,0.004954832121700888,0.041058679295175364,0.0021986990601462622,0.001129493672057993
2025,PASSENGER,2024,1,Van: Passenger,Pickup,Light Truck,3195,0.0005354607409234796,0.009268553061378419,0.18983957219251338,0.04921972486250828,0.000926090983004274
2025,PASSENGER,2023,2,Compact,Compact,Car,20729,0.003474042472176153,0.07541767325435865,0.0386474780977737,0.028188952606821974,0.013708006046891182
2025,PASSENGER,2023,2,Full-size,Midsize,Car,4587,0.0007687506787530518,0.016688738830514888,0.07097103601930932,0.00590482001691505,0.003033365031457854
2025,PASSENGER,2023,2,Mid-size,Midsize,Car,18328,0.0030716508480893687,0.06668218994673575,0.0396910130000628,0.02359353417702617,0.012120234204612937
2025,PASSENGER,2023,2,Minicompact,Compact,Car,426,7.139476545646393e-05,0.0015499024943970662,0.030285795535333428,0.0005793088817842713,0.0002817121219535744
2025,PASSENGER,2023,2,Minivan,Midsize SUV,Light Truck,21173,0.0035484539178631713,0.07703306458654714,0.03891730738478562,0.023467174440475306,0.006137128132441156
2025,PASSENGER,2023,2,Pickup truck: Standard,Pickup,Light Truck,47,7.876887268670904e-06,0.0001709986320109439,0.0011007799142796917,0.0007240460308412798,1.3623247637308568e-05
2025,PASSENGER,2023,2,Sport utility vehicle: Small,Small SUV,Light Truck,145270,0.024346285394038773,0.5285313036644643,0.05850977492243739,0.05850977492243739,0.04210742945259182
2025,PASSENGER,2023,2,Sport utility vehicle: Standard,Midsize SUV,Light Truck,31223,0.005232767046589609,0.11359766568675961,0.087169307737836,0.03460612986137819,0.00905018427616352
2025,PASSENGER,2023,2,Station wagon: Mid-size,Midsize,Car,1707,0.00028608184186428156,0.006210524783886835,0.044860844655856616,0.0021974117656145607,0.0011288323759970692
2025,PASSENGER,2023,2,Station wagon: Small,Midsize,Car,12393,0.00207698433873699,0.04508906481939634,0.0725695949032054,0.015953441131377418,0.008195442083029688
2025,PASSENGER,2023,2,Subcompact,Compact,Car,15225,0.002551608695010947,0.055392641965247257,0.08232755823762247,0.020704173063768854,0.010068232527566126
2025,PASSENGER,2023,2,Two-seater,Midsize,Car,1327,0.0002223963703303466,0.0048279826527345224,0.03189980528378086,0.0017082398435679686,0.0008775398728459934
2025,PASSENGER,2023,2,Van: Passenger,Pickup,Light Truck,2421,0.0004057434910096225,0.008808248682946707,0.14385026737967915,0.03729607320567529,0.0007017421814877456
2025,PASSENGER,2022,3,Compact,Compact,Car,25334,0.00424580983115976,0.10217052887989095,0.04723311351869357,0.0344512000261097,0.016753274407445666
2025,PASSENGER,2022,3,Full-size,Midsize,Car,2131,0.00035714142062846164,0.008594197404399132,0.03297128357469984,0.002743224647056022,0.0014092219058287957
2025,PASSENGER,2022,3,Mid-size,Midsize,Car,18487,0.0030982981901259365,0.07455698142427347,0.040035342499572295,0.023798214007566716,0.012225380278299834
2025,PASSENGER,2022,3,Minicompact,Compact,Car,134,2.2457508383019173e-05,0.0005404141023883077,0.009526517844447604,0.00018222392056124967,8.86136721638004e-05
2025,PASSENGER,2022,3,Minivan,Midsize SUV,Light Truck,17498,0.0029325483707915634,0.07056840271336275,0.032162425949037864,0.01939397432387649,0.005071906109736709
2025,PASSENGER,2022,3,Pickup truck: Standard,Pickup,Light Truck,180,3.0166802305548145e-05,0.000725929391267876,0.004215752863198819,0.0027729422457751143,5.2174139887564726e-05
2025,PASSENGER,2022,3,Sport utility vehicle: Small,Small SUV,Light Truck,139995,0.023462230493140068,0.5645915840585906,0.056385185793808926,0.056385185793808926,0.04057843729755347
2025,PASSENGER,2022,3,Sport utility vehicle: Standard,Midsize SUV,Light Truck,20281,0.003398960653104566,0.08179207769057663,0.05662110400125074,0.02247852287475935,0.005878576283665001
2025,PASSENGER,2022,3,Station wagon: Mid-size,Midsize,Car,776,0.00013005243660614088,0.0031295622645770653,0.020393682163412263,0.0009989405566004097,0.0005131657432769336
2025,PASSENGER,2022,3,Station wagon: Small,Midsize,Car,6847,0.001147511641033823,0.027613547455617483,0.04009392530478879,0.008814105658560573,0.0045278941291458305
2025,PASSENGER,2022,3,Subcompact,Compact,Car,13081,0.0021922885608826404,0.05275490203986159,0.07073410767200917,0.01778859033478886,0.00865041377294532
2025,PASSENGER,2022,3,Two-seater,Midsize,Car,853,0.0001429571242590698,0.0034400987263972123,0.020505300608187695,0.0010980622355414296,0.0005640855399680726
2025,PASSENGER,2022,3,Van: Passenger,Pickup,Light Truck,2361,0.0003956878902411065,0.009521773848796974,0.14028520499108735,0.03637175912375025,0.000684350801525224
2025,PASSENGER,2021,4,Compact,Compact,Car,12334,0.0020670963313146155,0.048676338263848325,0.022995706250081568,0.0167727599716601,0.008156425615435179
2025,PASSENGER,2021,4,Full-size,Midsize,Car,8182,0.001371248758133305,0.032290400492525295,0.12659363782646368,0.010532643858382155,0.005410724370479215
2025,PASSENGER,2021,4,Mid-size,Midsize,Car,13950,0.002337927178679981,0.055053909419546306,0.03021004099470079,0.017957758717236746,0.009225080049888175
2025,PASSENGER,2021,4,Minicompact,Compact,Car,1159,0.00019424068817850166,0.004574012976147252,0.08239727001279681,0.0015761009248543908,0.000766442134610781
2025,PASSENGER,2021,4,Minivan,Midsize SUV,Light Truck,17121,0.0028693656792960543,0.06756831420588189,0.031469476207193814,0.01897612495137098,0.004962630272305531
2025,PASSENGER,2021,4,Pickup truck: Standard,Pickup,Light Truck,187,3.133995572854168e-05,0.0007379986423982194,0.004379698807878774,0.002880778888666369,5.420313421652558e-05
2025,PASSENGER,2021,4,Sport utility vehicle: Small,Small SUV,Light Truck,147449,0.024711471295282048,0.5819099562725938,0.05938740140798837,0.05938740140798837,0.042739026401564066
2025,PASSENGER,2021,4,Sport utility vehicle: Standard,Midsize SUV,Light Truck,25471,0.004268770119581204,0.1005217295215243,0.07111070164271277,0.02823087895779278,0.0073829306504231175
2025,PASSENGER,2021,4,Station wagon: Mid-size,Midsize,Car,2026,0.00033954411928355856,0.007995643045448088,0.05324432997818717,0.002608058721227358,0.001339785819431788
2025,PASSENGER,2021,4,Station wagon: Small,Midsize,Car,11201,0.0018772130701358043,0.04420493472461206,0.06558960965955005,0.014418986049589159,0.007407177178408419
2025,PASSENGER,2021,4,Subcompact,Compact,Car,10678,0.0017895617501035726,0.042140906435979605,0.05774014232258343,0.01452079868472406,0.007061319338545228
2025,PASSENGER,2021,4,Two-seater,Midsize,Car,2566,0.00043004452620020296,0.010126762119753106,0.06168417510036299,0.0033031977683462,0.0016968856923306852
2025,PASSENGER,2021,4,Van: Passenger,Pickup,Light Truck,1064,0.0001783193202950179,0.00419909387974174,0.06322043969102793,0.016391169719470675,0.00030840713800204926
2025,PASSENGER,2020,5,Compact,Compact,Car,13870,0.0023245197109886266,0.04810894056273933,0.02585944913966526,0.01886153565809353,0.009172176365014264
2025,PASSENGER,2020,5,Full-size,Midsize,Car,2126,0.000356303453897752,0.007374160608246851,0.032893922515162766,0.0027367881743975138,0.0014059154255241764
2025,PASSENGER,2020,5,Mid-size,Midsize,Car,42706,0.007157241440337439,0.14812836450413452,0.09248387173617864,0.05497520027084677,0.028241309577815368
2025,PASSENGER,2020,5,Minicompact,Compact,Car,1573,0.0002636243334812624,0.005456046395471446,0.11182994454713494,0.002139091246588401,0.0010402187038332687
2025,PASSENGER,2020,5,Minivan,Midsize SUV,Light Truck,37405,0.006268829112439046,0.12974152283700538,0.06875274560656998,0.04145797288745,0.01084207612496866
2025,PASSENGER,2020,5,Pickup truck: Standard,Pickup,Light Truck,919,0.00015401828510443747,0.0031876075253898664,0.021523760451553974,0.014157410688151835,0.0002663779697592888
2025,PASSENGER,2020,5,Sport utility vehicle: Small,Small SUV,Light Truck,147978,0.02480012817539113,0.5132707142460736,0.05960046446941861,0.05960046446941861,0.042892360401566965
2025,PASSENGER,2020,5,Sport utility vehicle: Standard,Midsize SUV,Light Truck,21301,0.003569905866169339,0.07388381708196903,0.059468770589746166,0.023609043723448,0.006174229743027868
2025,PASSENGER,2020,5,Station wagon: Mid-size,Midsize,Car,2809,0.000470769709312693,0.00974318774626783,0.07382197576936217,0.0036160103395496785,0.0018575806351351888
2025,PASSENGER,2020,5,Station wagon: Small,Midsize,Car,12191,0.0020431304828163192,0.04228522670514457,0.07138674505486783,0.015693407635973704,0.008061860278723064
2025,PASSENGER,2020,5,Subcompact,Compact,Car,3901,0.0006537816432996851,0.01353085631833065,0.02109424004498951,0.005304891896339067,0.0025797159336640695
2025,PASSENGER,2020,5,Two-seater,Midsize,Car,1289,0.0002160278231769531,0.004470975081858039,0.03098632178658141,0.0016593226513633092,0.0008524106225308858
2025,PASSENGER,2020,5,Van: Passenger,Pickup,Light Truck,236,3.955202968949646e-05,0.0008185803873688884,0.014022578728461082,0.00363563538890515,6.840609451925154e-05
2025,PASSENGER,2019,6,Compact,Compact,Car,15742,0.0026382544549663272,0.04366761351027473,0.02934963578634539,0.02140723102593427,0.010410122591063773
2025,PASSENGER,2019,6,Full-size,Midsize,Car,2741,0.00045937336177504146,0.00760341307531845,0.042409332838222555,0.0035284743113939724,0.0018126125029923647
2025,PASSENGER,2019,6,Mid-size,Midsize,Car,50643,0.00848742982866597,0.14048144778305446,0.10967219398527829,0.06519245696896205,0.03349001641336823
2025,PASSENGER,2019,6,Minicompact,Compact,Car,185,3.1004769036257815e-05,0.0005131818383560428,0.013152282098677663,0.0002515778007748596,0.00012233977127091845
2025,PASSENGER,2019,6,Minivan,Midsize SUV,Light Truck,52919,0.008868872284485012,0.14679497137277528,0.09726845461179191,0.05865297332524974,0.015338907270611322
2025,PASSENGER,2019,6,Pickup truck: Standard,Pickup,Light Truck,1159,0.00019424068817850166,0.003215014868403533,0.0271447642691524,0.017854667015851988,0.00033594348960937513
2025,PASSENGER,2019,6,Sport utility vehicle: Small,Small SUV,Light Truck,187300,0.03139023373238426,0.5195619368869557,0.07543801778049511,0.07543801778049511,0.05429009111633819
2025,PASSENGER,2019,6,Sport utility vehicle: Standard,Midsize SUV,Light Truck,21682,0.003633758931049416,0.060144911455328215,0.06053245781544887,0.02403132651104641,0.00628466500578988
2025,PASSENGER,2019,6,Station wagon: Mid-size,Midsize,Car,3235,0.000542164474769157,0.008973747281523234,0.08501747654463745,0.004164397810054543,0.0021392927570887633
2025,PASSENGER,2019,6,Station wagon: Small,Midsize,Car,16801,0.0028157358085306354,0.046605232790377704,0.09838148664316582,0.021627835427117888,0.011110435119582167
2025,PASSENGER,2019,6,Subcompact,Compact,Car,6616,0.0011087975780750363,0.018352492121965294,0.03577531200657539,0.008996966107710655,0.004375134739072414
2025,PASSENGER,2019,6,Two-seater,Midsize,Car,1099,0.00018418508740998562,0.003048577515423195,0.026418904300584148,0.001414736690340013,0.000726764370955348
2025,PASSENGER,2019,6,Van: Passenger,Pickup,Light Truck,374,6.267991145708337e-05,0.0010374595002441082,0.022222222222222223,0.005761557777332738,0.00010840626843305116
2025,PASSENGER,2018,7,Compact,Compact,Car,36647,0.00614179335606346,0.0984348517447092,0.06832525109021723,0.04983552251349341,0.02423451674467756
2025,PASSENGER,2018,7,Full-size,Midsize,Car,3329,0.0005579182493064988,0.008941785724837965,0.05150699343978215,0.004285403496034489,0.002201454586815608
2025,PASSENGER,2018,7,Mid-size,Midsize,Car,55686,0.009332603073259744,0.14957413033142894,0.12059328622443787,0.071684283292333,0.03682493244860738
2025,PASSENGER,2018,7,Minicompact,Compact,Car,42,7.038920537961233e-06,0.00011281315723736694,0.0029859235034835774,5.7114960175914074e-05,2.7774434558803108e-05
2025,PASSENGER,2018,7,Minivan,Midsize SUV,Light Truck,40516,0.0067902120122866035,0.10882709234831331,0.07447095952401521,0.04490606147595039,0.011743819176025403
2025,PASSENGER,2018,7,Pickup truck: Standard,Pickup,Light Truck,1073,0.00017982766041029532,0.0028821075646593983,0.025130571234512962,0.01652981683175943,0.00031101584499642753
2025,PASSENGER,2018,7,Sport utility vehicle: Small,Small SUV,Light Truck,188615,0.03161061898256091,0.5066250869601421,0.07596765469123376,0.07596765469123376,0.05467125219385012
2025,PASSENGER,2018,7,Sport utility vehicle: Standard,Midsize SUV,Light Truck,23125,0.0038755961295322268,0.062114387169383584,0.06456106848917328,0.025630681005808884,0.006702927693888524
2025,PASSENGER,2018,7,Station wagon: Mid-size,Midsize,Car,5198,0.0008711502132457736,0.013961971221900795,0.13660613387295997,0.006691356975784703,0.0034374169246823463
2025,PASSENGER,2018,7,Station wagon: Small,Midsize,Car,8909,0.0014930891207784911,0.023929819472088144,0.05216836286554159,0.011468506982929188,0.005891486606770878
2025,PASSENGER,2018,7,Subcompact,Compact,Car,7512,0.0012589612162182092,0.02017743898016906,0.040620336123548116,0.01021541859146349,0.004967656009660213
2025,PASSENGER,2018,7,Two-seater,Midsize,Car,1244,0.00020848612260056606,0.003341418276268678,0.029904565013582057,0.001601394397436739,0.0008226522997893111
2025,PASSENGER,2018,7,Van: Cargo,Pickup,Light Truck,14,2.346306845987078e-06,3.760438574578898e-05,0.003146067415730337,0.0002156732857825089,4.057988657921701e-06
2025,PASSENGER,2018,7,Van: Passenger,Pickup,Light Truck,387,6.485862495692851e-05,0.0010394926631157383,0.022994652406417113,0.005961825828416496,0.00011217440075826417
2025,PASSENGER,2017,8,Compact,Compact,Car,17539,0.002939419697983383,0.04946554982090984,0.03269999123724506,0.023850935393460882,0.011598471612543992
2025,PASSENGER,2017,8,Full-size,Midsize,Car,3039,0.0005093161789253379,0.008570945088416956,0.047020051986632005,0.003912088081841037,0.002009678729147682
2025,PASSENGER,2017,8,Mid-size,Midsize,Car,57705,0.00967097403912031,0.16274642524748287,0.12496562118990746,0.07428333095183845,0.0381600891956127
2025,PASSENGER,2017,8,Minicompact,Compact,Car,500,8.379667307096707e-05,0.0014101587838790649,0.035546708374804496,0.0006799400020942152,0.00033064803046194174
2025,PASSENGER,2017,8,Minivan,Midsize SUV,Light Truck,49249,0.008253804704144115,0.13889781989452013,0.09052276349092273,0.05458531497751704,0.014275134529570419
2025,PASSENGER,2017,8,Pickup truck: Standard,Pickup,Light Truck,2529,0.0004238435723929514,0.00713258312886031,0.059231327727943414,0.03895983855314036,0.0007330466654202844
2025,PASSENGER,2017,8,Sport utility vehicle: Small,Small SUV,Light Truck,181212,0.030369925441072167,0.5110753870885861,0.07298598012834533,0.07298598012834533,0.05252544576280766
2025,PASSENGER,2017,8,Sport utility vehicle: Standard,Midsize SUV,Light Truck,23165,0.0038822998633779044,0.06533265645711707,0.06467274168872213,0.025675015156737847,0.0067145219471968715
2025,PASSENGER,2017,8,Station wagon: Mid-size,Midsize,Car,5573,0.0009339977180489989,0.015717629805116057,0.14646132821739244,0.007174092425172787,0.0036854029475288028
2025,PASSENGER,2017,8,Station wagon: Small,Midsize,Car,6320,0.0010591899476170238,0.01782440702823138,0.037007975452937804,0.008135701440353851,0.004179391105038944
2025,PASSENGER,2017,8,Subcompact,Compact,Car,6440,0.0010793011491540558,0.018162845136362356,0.03482361084074146,0.008757627226973493,0.0042587466323498096
2025,PASSENGER,2017,8,Two-seater,Midsize,Car,735,0.00012318110941432158,0.0020729334123022252,0.017668693958989398,0.0009461614808006457,0.00048605260477905437
2025,PASSENGER,2017,8,Van: Cargo,Pickup,Light Truck,84,1.4077841075922466e-05,0.0002369066756916829,0.01887640449438202,0.0012940397146950534,2.4347931947530207e-05
2025,PASSENGER,2017,8,Van: Passenger,Pickup,Light Truck,480,8.044480614812839e-05,0.0013537524325239023,0.0285204991087344,0.007394512655400305,0.0001391310397001726
2025,PASSENGER,2016,9,Compact,Compact,Car,27948,0.004683898837974775,0.08933354642800063,0.052106696795628314,0.03800592635705825,0.018481902310700696
2025,PASSENGER,2016,9,Full-size,Midsize,Car,3238,0.0005426672548075827,0.010350007991050025,0.05009902215620745,0.004168259693649647,0.0021412766452715347
2025,PASSENGER,2016,9,Mid-size,Midsize,Car,37998,0.006368211966701213,0.1214575675243727,0.08228825359975919,0.04891461761559583,0.025127927722985725
2025,PASSENGER,2016,9,Minicompact,Compact,Car,121,2.027879488317403e-05,0.0003867668211603005,0.008602303426702687,0.00016454548050680008,8.00168233717899e-05
2025,PASSENGER,2016,9,Minivan,Midsize SUV,Light Truck,33412,0.005599628881294303,0.10679878536039636,0.06141336014454527,0.0370323162709659,0.009684679788462849
2025,PASSENGER,2016,9,Pickup truck: Standard,Pickup,Light Truck,2963,0.0004965790846185508,0.009470992488412978,0.06939597629810057,0.045645710412398136,0.0008588443138158572
2025,PASSENGER,2016,9,Sport utility vehicle: Small,Small SUV,Light Truck,172122,0.028846501924641988,0.5501742048905226,0.06932483981000735,0.06932483981000735,0.049890651698485645
2025,PASSENGER,2016,9,Sport utility vehicle: Standard,Midsize SUV,Light Truck,18477,0.003096622256664517,0.05906025251718076,0.051584642701598044,0.02047905266786295,0.00535567545945852
2025,PASSENGER,2016,9,Station wagon: Mid-size,Midsize,Car,4077,0.0006832780722206655,0.013031804379095412,0.10714567291266984,0.005248299805747255,0.002696104040386673
2025,PASSENGER,2016,9,Station wagon: Small,Midsize,Car,5572,0.000933830124702857,0.017810452293431357,0.032627917598697695,0.007172805130641086,0.003684741651467879
2025,PASSENGER,2016,9,Subcompact,Compact,Car,5589,0.0009366792115872699,0.017864791433594374,0.030221919408214913,0.007600369343409138,0.003695983684503585
2025,PASSENGER,2016,9,Two-seater,Midsize,Car,858,0.0001437950909897795,0.0027425283682275853,0.020625495805187626,0.0011044987081999375,0.0005673920202726921
2025,PASSENGER,2016,9,Van: Cargo,Pickup,Light Truck,62,1.0390787460799916e-05,0.00019817804059453414,0.013932584269662922,0.0009551245513225394,1.797109262793896e-05
2025,PASSENGER,2016,9,Van: Passenger,Pickup,Light Truck,413,6.92160519566188e-05,0.0013201214639603643,0.02453951277480689,0.006362361930584012,0.00011971066540869019
2025,PASSENGER,2015,10,Compact,Compact,Car,58077,0.00973331876388511,0.1857578306663383,0.10827968476455223,0.07897775100325147,0.03840609133027638
2025,PASSENGER,2015,10,Full-size,Midsize,Car,2012,0.0003371978124375715,0.006435331633876967,0.03113009035771754,0.002590036597783536,0.0013305276745788537
2025,PASSENGER,2015,10,Mid-size,Midsize,Car,30410,0.005096513656176217,0.09726562375059572,0.06585572377411118,0.0391466267090444,0.0201100132126953
2025,PASSENGER,2015,10,Minicompact,Compact,Car,207,3.469182265138036e-05,0.0006620843181970837,0.01471633726716906,0.0002814951608670051,0.00013688828461124388
2025,PASSENGER,2015,10,Minivan,Midsize SUV,Light Truck,27089,0.004539936153638854,0.08664348838473816,0.04979128794910771,0.030024195362869485,0.007851918196745782
2025,PASSENGER,2015,10,Pickup truck: Small,Pickup,Light Truck,404,6.770771184134139e-05,0.0012921838867228105,0.43162393162393164,0.006223714818295257,0.00011710195841431195
2025,PASSENGER,2015,10,Pickup truck: Standard,Pickup,Light Truck,2387,0.00040004531724079675,0.0076347597465528435,0.055905567135864344,0.03677229522591777,0.00069188706617565
2025,PASSENGER,2015,10,Sport utility vehicle: Small,Small SUV,Light Truck,154609,0.025911439653658296,0.4945130161938788,0.06227120390296085,0.06227120390296085,0.044814397743758304
2025,PASSENGER,2015,10,Sport utility vehicle: Standard,Midsize SUV,Light Truck,16949,0.0028405396237596416,0.054210952217982465,0.04731872647883235,0.018785488102376423,0.004912774983079637
2025,PASSENGER,2015,10,Station wagon: Mid-size,Midsize,Car,3742,0.0006271343012631175,0.011968693327021676,0.09834169929831016,0.004817056137627233,0.002474569859977172
2025,PASSENGER,2015,10,Station wagon: Small,Midsize,Car,6129,0.0010271796185039143,0.01960345307357452,0.03588953822010376,0.007889828184798853,0.004053083557402482
2025,PASSENGER,2015,10,Subcompact,Compact,Car,6161,0.0010325426055804562,0.019705804272522862,0.033314948197175176,0.00837822070580492,0.004074245031352047
2025,PASSENGER,2015,10,Two-seater,Midsize,Car,3946,0.000661323343876072,0.012621182220317353,0.09485804947234308,0.005079664222094351,0.002609474256405644
2025,PASSENGER,2015,10,Van: Cargo,Pickup,Light Truck,99,1.659174126805148e-05,0.0003166490217464313,0.022247191011235956,0.0015251182351763129,2.8695776938160602e-05
2025,PASSENGER,2015,10,Van: Passenger,Pickup,Light Truck,428,7.17299521487478e-05,0.0013689472859340667,0.025430778371954843,0.006593440451065272,0.00012405851039932057
2025,PASSENGER,2014,11,Compact,Compact,Car,41088,0.0068860754062797895,0.15757863974902778,0.07660512229636383,0.05587474961209423,0.027171332551240525
2025,PASSENGER,2014,11,Full-size,Midsize,Car,3520,0.0005899285784196082,0.013499727704355964,0.05446218591409828,0.004531276751589487,0.00232776213445207
2025,PASSENGER,2014,11,Mid-size,Midsize,Car,32455,0.005439242049036472,0.12446979052411158,0.07028436419233076,0.04177914402637409,0.021462363657284638
2025,PASSENGER,2014,11,Minicompact,Compact,Car,446,7.474663237930263e-05,0.0017104768625405566,0.03170766387032561,0.00060650648186804,0.00029493804317205205
2025,PASSENGER,2014,11,Minivan,Midsize SUV,Light Truck,27601,0.004625743946863524,0.105853972831798,0.050732376192673116,0.030591672494760257,0.008000324639092634
2025,PASSENGER,2014,11,Pickup truck: Small,Pickup,Light Truck,508,8.513741984010254e-05,0.00194825615733319,0.5427350427350427,0.007825859226965323,0.00014724701701601602
2025,PASSENGER,2014,11,Pickup truck: Standard,Pickup,Light Truck,3045,0.0005103217390021894,0.01167803149425111,0.07131648593578004,0.046908939657695686,0.00088261253309797
2025,PASSENGER,2014,11,Sport utility vehicle: Small,Small SUV,Light Truck,125455,0.021025423240236346,0.48113873271306173,0.05052897234731454,0.05052897234731454,0.036363926219969075
2025,PASSENGER,2014,11,Sport utility vehicle: Standard,Midsize SUV,Light Truck,14339,0.0024031209903291936,0.0549922146456705,0.04003205020827052,0.01589268475426134,0.004156249954709948
2025,PASSENGER,2014,11,Station wagon: Mid-size,Midsize,Car,525,8.798650672451542e-05,0.002013453705905364,0.01379727208220546,0.0006758296291433184,0.0003471804319850388
2025,PASSENGER,2014,11,Station wagon: Small,Midsize,Car,5771,0.0009671812005851019,0.022132650165294962,0.033793200370079754,0.007428976742449696,0.0038163395675917316
2025,PASSENGER,2014,11,Subcompact,Compact,Car,4003,0.0006708761646061623,0.015352105113788898,0.021645794129734174,0.005443599656766287,0.0026471681318783057
2025,PASSENGER,2014,11,Two-seater,Midsize,Car,1798,0.0003013328363631976,0.00689559954898637,0.04322219284117407,0.0023145555679994025,0.0011890103175411426
2025,PASSENGER,2014,11,Van: Passenger,Pickup,Light Truck,192,3.217792245925135e-05,0.0007363487838739617,0.01140819964349376,0.002957805062160122,5.5652415880069045e-05
2025,PASSENGER,2013,12,Compact,Compact,Car,31049,0.005203605804360913,0.1493738604163359,0.05788825063716415,0.042222914250046574,0.02053258139562566
2025,PASSENGER,2013,12,Full-size,Midsize,Car,4688,0.0007856776067133872,0.02255353337085841,0.07253372942195817,0.006034836764616908,0.0031001559336111656
2025,PASSENGER,2013,12,Mid-size,Midsize,Car,10843,0.0018172146522169917,0.052164667734688086,0.023481539391078183,0.013958134607240002,0.007170433188597669
2025,PASSENGER,2013,12,Minicompact,Compact,Car,2255,0.0003779229955500615,0.010848595936707704,0.16031565477036827,0.0030665294094449104,0.0014912226173833573
2025,PASSENGER,2013,12,Minivan,Midsize SUV,Light Truck,22187,0.0037183935708510925,0.10673960002116799,0.040781103242159285,0.024591045166524612,0.0064310424538077705
2025,PASSENGER,2013,12,Pickup truck: Standard,Pickup,Light Truck,4087,0.0006849540056820848,0.019662178090166023,0.0957210108438532,0.06296119421379384,0.001184642831780428
2025,PASSENGER,2013,12,Sport utility vehicle: Small,Small SUV,Light Truck,110484,0.01851638325514545,0.5315282809184985,0.04449916687912558,0.04449916687912558,0.03202448706298723
2025,PASSENGER,2013,12,Sport utility vehicle: Standard,Midsize SUV,Light Truck,10860,0.0018200637391014047,0.05224645315860118,0.030319273677510136,0.012036721977214462,0.0031478397732164053
2025,PASSENGER,2013,12,Station wagon: Mid-size,Midsize,Car,565,9.469024057019278e-05,0.002718162618288183,0.014848492812278258,0.0007273214104113807,0.0003736322744219942
2025,PASSENGER,2013,12,Station wagon: Small,Midsize,Car,4998,0.0008376315440173868,0.024044914630450158,0.029266750207877078,0.006433898069444391,0.0033051577124975696
2025,PASSENGER,2013,12,Subcompact,Compact,Car,3067,0.000514008792617312,0.014755052655380279,0.016584474293253736,0.004170751972845916,0.0020281950188535507
2025,PASSENGER,2013,12,Two-seater,Midsize,Car,2507,0.0004201565187778289,0.012060944573537123,0.06026587177576384,0.003227247390975808,0.001657869224736176
2025,PASSENGER,2013,12,Van: Cargo,Pickup,Light Truck,110,1.8435268075612756e-05,0.0005291998017906197,0.024719101123595506,0.0016945758168625698,3.1884196597956226e-05
2025,PASSENGER,2013,12,Van: Passenger,Pickup,Light Truck,161,2.6982528728851395e-05,0.000774556073529907,0.00956625074272133,0.0024802427864988523,4.666686956609956e-05
2025,PASSENGER,2012,13,Compact,Compact,Car,56355,0.009444723021828699,0.28806195210468477,0.10506916050943302,0.07663603763603899,0.03726733951336546
2025,PASSENGER,2012,13,Full-size,Midsize,Car,1763,0.00029546706924822987,0.009011679914125796,0.027277509592771382,0.002269500259389848,0.0011658649554088067
2025,PASSENGER,2012,13,Mid-size,Midsize,Car,10751,0.0018017960643719338,0.0549543793288522,0.023282304712116716,0.013839703510323459,0.007109593950992672
2025,PASSENGER,2012,13,Minicompact,Compact,Car,1055,0.00017681098017974052,0.005392695581056559,0.07500355467083748,0.001434673404418794,0.0006976673442746971
2025,PASSENGER,2012,13,Minivan,Midsize SUV,Light Truck,21677,0.003632920964318706,0.11080328162138676,0.03984369112454531,0.024025784742180287,0.006283215724126337
2025,PASSENGER,2012,13,Pickup truck: Standard,Pickup,Light Truck,4249,0.0007121041277570781,0.021719017558207886,0.09951518842073213,0.06545684223499144,0.0012315995576792362
2025,PASSENGER,2012,13,Sport utility vehicle: Small,Small SUV,Light Truck,76491,0.012819382639742683,0.3909883200858742,0.030807952045103316,0.030807952045103316,0.022171400745220633
2025,PASSENGER,2012,13,Sport utility vehicle: Standard,Midsize SUV,Light Truck,10623,0.0017803441160657663,0.05430009967541595,0.029657609970183255,0.011774042132960336,0.003079143822364445
2025,PASSENGER,2012,13,Station wagon: Mid-size,Midsize,Car,1360,0.00022792695075303044,0.006951721317760114,0.0357415048224751,0.0017507205631141199,0.0008993626428564816
2025,PASSENGER,2012,13,Station wagon: Small,Midsize,Car,3351,0.0005616053029216212,0.017128836864569223,0.01962242495930294,0.004313723975731923,0.0022160031001559337
2025,PASSENGER,2012,13,Subcompact,Compact,Car,3752,0.0006288102347245368,0.019178572341349964,0.020288538489823288,0.005102269775714991,0.002481182820586411
2025,PASSENGER,2012,13,Two-seater,Midsize,Car,3912,0.0006556251701072463,0.01999642190814527,0.09404072213274357,0.005035896208016498,0.0025869901903342323
2025,PASSENGER,2012,13,Van: Cargo,Pickup,Light Truck,296,4.9607630458012505e-05,0.001513021698571319,0.06651685393258427,0.004559949470830188,8.57974744817731e-05
2025,PASSENGER,2011,14,Compact,Compact,Car,19668,0.0032962259319195605,0.12617802726543706,0.03666933278146622,0.026746119922378048,0.01300637092625094
2025,PASSENGER,2011,14,Full-size,Midsize,Car,3199,0.0005361311143080473,0.020522854851643946,0.04949560589181829,0.004118055206913287,0.0021154860988955035
2025,PASSENGER,2011,14,Mid-size,Midsize,Car,4480,0.000750818190715865,0.028740978348035285,0.009701862627688856,0.0057670795020229836,0.002962606352938998
2025,PASSENGER,2011,14,Minicompact,Compact,Car,623,0.00010441065464642497,0.003996792301523657,0.0442911986350064,0.0008472052426093922,0.00041198744595557943
2025,PASSENGER,2011,14,Minivan,Midsize SUV,Light Truck,20382,0.0034158875810649013,0.1307586206896552,0.0374633995709961,0.02259046660585499,0.00590785177326858
2025,PASSENGER,2011,14,Pickup truck: Small,Pickup,Light Truck,9,1.5083401152774073e-06,5.773857257417803e-05,0.009615384615384616,0.00013864711228875573,2.6087069943782365e-06
2025,PASSENGER,2011,14,Pickup truck: Standard,Pickup,Light Truck,3668,0.0006147323936486144,0.02353167602245389,0.08590767501229594,0.05650640087501733,0.0010631930283754856
2025,PASSENGER,2011,14,Sport utility vehicle: Small,Small SUV,Light Truck,80628,0.013512716312731866,0.5172606255012029,0.032474193793944256,0.032474193793944256,0.023370536393636496
2025,PASSENGER,2011,14,Sport utility vehicle: Standard,Midsize SUV,Light Truck,11767,0.001972070904052139,0.07548997594226142,0.03285146347728009,0.013041998849528783,0.00341073946698319
2025,PASSENGER,2011,14,Station wagon: Mid-size,Midsize,Car,213,3.569738272823197e-05,0.0013664795509222133,0.0055977503876376445,0.000274193735252432,0.0001408560609767872
2025,PASSENGER,2011,14,Station wagon: Small,Midsize,Car,5098,0.0008543908786315803,0.03270569366479551,0.029852319439727357,0.006562627522614547,0.003371287318589958
2025,PASSENGER,2011,14,Subcompact,Compact,Car,4811,0.0008062915882888452,0.0308644747393745,0.026014967663789933,0.0065423827001505385,0.0031814953491048036
2025,PASSENGER,2011,14,Two-seater,Midsize,Car,574,9.61985806854702e-05,0.0036824378508420207,0.013798408615591722,0.0007389070611966948,0.0003795839389703091
2025,PASSENGER,2011,14,Van: Cargo,Pickup,Light Truck,755,0.00012653297633716026,0.004843624699278268,0.1696629213483146,0.01163095219755673,0.00021884153119506317
2025,PASSENGER,2010,15,Compact,Compact,Car,23141,0.003878277623070498,0.15326485061627823,0.0431444493540731,0.03146898317692447,0.015303052145839588
2025,PASSENGER,2010,15,Full-size,Midsize,Car,3194,0.0005352931475773377,0.021154139098068046,0.04941824483228122,0.0041116187342547785,0.002112179618590884
2025,PASSENGER,2010,15,Mid-size,Midsize,Car,6654,0.0011151661252284297,0.04407001927318246,0.014409864715321796,0.008565657813942171,0.0044002639893875204
2025,PASSENGER,2010,15,Minicompact,Compact,Car,1016,0.00017027483968020508,0.006729056143906429,0.07223091141760273,0.0013816380842554452,0.0006718767978986656
2025,PASSENGER,2010,15,Minivan,Midsize SUV,Light Truck,19091,0.0031995245711956646,0.1264413492552339,0.03509046026934975,0.021159581884622587,0.005533647247741657
2025,PASSENGER,2010,15,Pickup truck: Small,Pickup,Light Truck,6,1.0055600768516048e-06,3.973852053488048e-05,0.00641025641025641,9.243140819250382e-05,1.7391379962521577e-06
2025,PASSENGER,2010,15,Pickup truck: Standard,Pickup,Light Truck,4516,0.0007568515511769745,0.02990985978925338,0.10576855516781039,0.06957003989955787,0.0013089911985124574
2025,PASSENGER,2010,15,Sport utility vehicle: Small,Small SUV,Light Truck,71684,0.012013761424838407,0.4747693510037288,0.028871857269498192,0.028871857269498192,0.020778061353889946
2025,PASSENGER,2010,15,Sport utility vehicle: Standard,Midsize SUV,Light Truck,7120,0.001193264624530571,0.047156377701391514,0.01987782951969357,0.007891478865356075,0.0020637770888858936
2025,PASSENGER,2010,15,Station wagon: Mid-size,Midsize,Car,918,0.00015385069175829553,0.0060799936418367145,0.024125515755170693,0.0011817363801020309,0.000607069783928125
2025,PASSENGER,2010,15,Station wagon: Small,Midsize,Car,8746,0.001465771405357356,0.05792551676634412,0.05121388501762563,0.011258677974261833,0.005783695348840285
2025,PASSENGER,2010,15,Subcompact,Compact,Car,4132,0.0006924957062584718,0.027366594475021027,0.02234334782514654,0.005619024177306594,0.0027324753237374867
2025,PASSENGER,2010,15,Two-seater,Midsize,Car,597,0.00010005322764673467,0.003953982793220608,0.014351306521791389,0.0007685148354258306,0.00039479374837155846
2025,PASSENGER,2010,15,Van: Cargo,Pickup,Light Truck,172,2.8826055536412672e-05,0.0011391709219999073,0.038651685393258424,0.002649700368185109,4.985528922589518e-05
2025,PASSENGER,2009,16,Compact,Compact,Car,13937,0.002335748465180136,0.1402846559568386,0.0259843650078958,0.018952647618374154,0.009216483201096165
2025,PASSENGER,2009,16,Full-size,Midsize,Car,2167,0.0003631747810895713,0.021812215646011997,0.03352828320336675,0.002789567250197278,0.0014330285640220554
2025,PASSENGER,2009,16,Mid-size,Midsize,Car,4819,0.0008076323350579806,0.048506260820549985,0.010435999107775134,0.006203472348269812,0.0031867857175921946
2025,PASSENGER,2009,16,Minicompact,Compact,Car,831,0.00013927007064394728,0.008364536779804324,0.05907862931892507,0.0011300602834805856,0.0005495370266277472
2025,PASSENGER,2009,16,Minivan,Midsize SUV,Light Truck,8739,0.0014645982519343624,0.08796352216451263,0.016062832344761795,0.009685903624206004,0.0025330544915412676
2025,PASSENGER,2009,16,Pickup truck: Small,Pickup,Light Truck,2,3.3518669228386826e-07,2.0131255787736038e-05,0.002136752136752137,3.0810469397501274e-05,5.797126654173859e-07
2025,PASSENGER,2009,16,Pickup truck: Standard,Pickup,Light Truck,1857,0.0003112208437855717,0.018691870998912914,0.04349251703866782,0.02860752083557993,0.0005382632098400428
2025,PASSENGER,2009,16,Sport utility vehicle: Small,Small SUV,Light Truck,41947,0.007030038090615711,0.4222228932640818,0.01689481330399588,0.01689481330399588,0.012158603588131542
2025,PASSENGER,2009,16,Sport utility vehicle: Standard,Midsize SUV,Light Truck,4049,0.0006785854585286914,0.04075572734227161,0.011304119624331357,0.004487724427784656,0.0011736282911374977
2025,PASSENGER,2009,16,Station wagon: Mid-size,Midsize,Car,260,4.357426999690287e-05,0.002617063252405685,0.006832934745473181,0.0003346965782424053,0.00017193697584020972
2025,PASSENGER,2009,16,Station wagon: Small,Midsize,Car,7714,0.0012928150721388798,0.07764625357329791,0.045170810544930724,0.009930190017545824,0.005101237813966837
2025,PASSENGER,2009,16,Subcompact,Compact,Car,11945,0.0020019025196654034,0.1202339251922535,0.06459130923799018,0.0162437666500308,0.007899181447735788
2025,PASSENGER,2009,16,Two-seater,Midsize,Car,825,0.00013826451056709566,0.008304143012441116,0.0198322075049881,0.001062017988653786,0.0005455692502622038
2025,PASSENGER,2009,16,Van: Cargo,Pickup,Light Truck,53,8.882447345522508e-06,0.000533478278375005,0.011910112359550562,0.0008164774390337836,1.5362385633560725e-05
2025,PASSENGER,2009,16,Van: Passenger,Pickup,Light Truck,203,3.402144926681263e-05,0.002043322462455208,0.012061794414735592,0.003127262643846379,5.8840835539864665e-05
2025,PASSENGER,2008,17,Compact,Compact,Car,14716,0.0024663036818247026,0.1548775482282118,0.027436745028068782,0.020011994141636943,0.00973163283255587
2025,PASSENGER,2008,17,Full-size,Midsize,Car,1236,0.0002071453758314306,0.013008198532894113,0.019123653917564053,0.0015910960411831267,0.00081736193130192
2025,PASSENGER,2008,17,Mid-size,Midsize,Car,7403,0.0012406935414887384,0.07791237357525495,0.016031894873388526,0.00952984141818664,0.004895574739019509
2025,PASSENGER,2008,17,Minicompact,Compact,Car,520,8.714853999380575e-05,0.005472704884389109,0.036968576709796676,0.0007071376021779838,0.00034387395168041944
2025,PASSENGER,2008,17,Minivan,Midsize SUV,Light Truck,9240,0.0015485625183514714,0.09724575602260647,0.016983701895594346,0.010241188864591312,0.002678272514228323
2025,PASSENGER,2008,17,Pickup truck: Small,Pickup,Light Truck,7,1.173153422993539e-06,7.36710272898534e-05,0.007478632478632479,0.00010783664289125445,2.0289943289608506e-06
2025,PASSENGER,2008,17,Pickup truck: Standard,Pickup,Light Truck,2029,0.0003400468993219844,0.021354073481587504,0.047520903107946696,0.03125722120376504,0.000588118499065938
2025,PASSENGER,2008,17,Sport utility vehicle: Small,Small SUV,Light Truck,34863,0.00584280682654625,0.36691328920087984,0.014041621003104115,0.014041621003104115,0.010105261327223163
2025,PASSENGER,2008,17,Sport utility vehicle: Standard,Midsize SUV,Light Truck,5122,0.0008584131189389866,0.05390614311123273,0.014299753202228998,0.005676988026454188,0.0014846441361339251
2025,PASSENGER,2008,17,Station wagon: Mid-size,Midsize,Car,275,4.6088170189031884e-05,0.0028942189292442406,0.007227142519250479,0.0003540059962179287,0.00018185641675406796
2025,PASSENGER,2008,17,Station wagon: Small,Midsize,Car,5185,0.0008689714997459285,0.054569182356841404,0.030361764671437103,0.0066746221468725825,0.003428820075890336
2025,PASSENGER,2008,17,Subcompact,Compact,Car,11496,0.001926653107247675,0.12098887567487923,0.06216338978651612,0.015633180528150197,0.007602259516380965
2025,PASSENGER,2008,17,Two-seater,Midsize,Car,2632,0.0004411056870455706,0.027700306260984877,0.06327075170076203,0.0033881592074385025,0.0017405312323516614
2025,PASSENGER,2008,17,Van: Cargo,Pickup,Light Truck,77,1.2904687652928928e-05,0.0008103813001883874,0.017303370786516854,0.0011862030718037988,2.2318937618569356e-05
2025,PASSENGER,2008,17,Van: Passenger,Pickup,Light Truck,216,3.6200162766657776e-05,0.002273277413515476,0.012834224598930482,0.0033275306949301373,6.260896786507767e-05
2025,PASSENGER,2007,18,Compact,Compact,Car,8696,0.0014573917380502593,0.11558450189406526,0.016212961046757686,0.011825516516422592,0.005750630545794091
2025,PASSENGER,2007,18,Full-size,Midsize,Car,943,0.00015804052541184389,0.012534059945504087,0.01459029582869167,0.0012139187433945699,0.0006236021854512221
2025,PASSENGER,2007,18,Mid-size,Midsize,Car,7641,0.0012805807578705186,0.10156177311091912,0.016547306325484498,0.00983621751673161,0.005052963201519394
2025,PASSENGER,2007,18,Minicompact,Compact,Car,454,7.60873791484381e-05,0.006034425466870472,0.03227641120432248,0.0006173855219015474,0.0003002284116594431
2025,PASSENGER,2007,18,Minivan,Midsize SUV,Light Truck,8106,0.001358511663826518,0.10774240712434373,0.014899338481135041,0.008984315685755105,0.002349575432936665
2025,PASSENGER,2007,18,Pickup truck: Standard,Pickup,Light Truck,2687,0.00045032332108337704,0.035714760417358944,0.06293182190786238,0.04139386563554296,0.0007788439659882579
2025,PASSENGER,2007,18,Sport utility vehicle: Small,Small SUV,Light Truck,23300,0.003904924965107065,0.3096962849737489,0.0093844410800082,0.0093844410800082,0.0067536525521125455
2025,PASSENGER,2007,18,Sport utility vehicle: Standard,Midsize SUV,Light Truck,4252,0.000712606907795504,0.05651624908619658,0.011870861112041721,0.004712720243749162,0.0012324691266773623
2025,PASSENGER,2007,18,Station wagon: Mid-size,Midsize,Car,201,3.368626257452876e-05,0.0026716288961254734,0.005282384168615805,0.0002587462008720133,0.0001329205082457006
2025,PASSENGER,2007,18,Station wagon: Small,Midsize,Car,5284,0.00088556324101398,0.07023326909018408,0.030941478210968883,0.006802064305511037,0.0034942883859218005
2025,PASSENGER,2007,18,Subcompact,Compact,Car,11287,0.0018916260979040106,0.15002326045058817,0.061033244652088335,0.015348965607274815,0.007464048639647873
2025,PASSENGER,2007,18,Two-seater,Midsize,Car,1872,0.0003137347439777007,0.02488203628630292,0.045001081756773,0.002409815363345318,0.0012379462260495098
2025,PASSENGER,2007,18,Van: Cargo,Pickup,Light Truck,250,4.189833653548353e-05,0.0033229215125938727,0.056179775280898875,0.003851308674687659,7.246408317717323e-05
2025,PASSENGER,2007,18,Van: Passenger,Pickup,Light Truck,262,4.390945668918674e-05,0.0034824217451983786,0.015567439096850861,0.004036171491072667,7.594235916967755e-05
2025,PASSENGER,2006,19,Compact,Compact,Car,16815,0.0028180821153766223,0.29481897080739894,0.03135015409397775,0.02286638227042846,0.0111196932644351
2025,PASSENGER,2006,19,Full-size,Midsize,Car,2278,0.00038177764251132596,0.03994038748137109,0.03524569872508974,0.002932456943216151,0.0015064324267846066
2025,PASSENGER,2006,19,Mid-size,Midsize,Car,3603,0.0006038388261493887,0.06317173665293241,0.007802636394545301,0.004638122197720716,0.0023826497075087522
2025,PASSENGER,2006,19,Minicompact,Compact,Car,467,7.826609264828324e-05,0.008187954764618217,0.033200625622067395,0.000635063961955997,0.0003088252604514536
2025,PASSENGER,2006,19,Minivan,Midsize SUV,Light Truck,7863,0.001317786480714028,0.13786271587621635,0.014452689178036618,0.008714985718861631,0.0022791403440884524
2025,PASSENGER,2006,19,Pickup truck: Standard,Pickup,Light Truck,1731,0.000290104082171688,0.030349785219602,0.04054149003442865,0.02666646126353735,0.0005017413119187474
2025,PASSENGER,2006,19,Sport utility vehicle: Small,Small SUV,Light Truck,12421,0.002081676952428964,0.2177785570263873,0.0050027529036387065,0.0050027529036387065,0.003600305508574675
2025,PASSENGER,2006,19,Sport utility vehicle: Standard,Midsize SUV,Light Truck,2615,0.00043825660016115774,0.045849040063119136,0.007300635420505433,0.002898345116981199,0.0007579743100332321
2025,PASSENGER,2006,19,Station wagon: Mid-size,Midsize,Car,112,1.8770454767896624e-05,0.001963706496011221,0.0029434180442038317,0.00014417698755057458,7.406515882347495e-05
2025,PASSENGER,2006,19,Station wagon: Small,Midsize,Car,3542,0.0005936156320347307,0.06210221793635487,0.020740862192136975,0.004559597231286921,0.0023423106477923955
2025,PASSENGER,2006,19,Subcompact,Compact,Car,3723,0.0006239500276864208,0.06527570789865872,0.020131724093180196,0.0050628332555935265,0.0024620052348196184
2025,PASSENGER,2006,19,Two-seater,Midsize,Car,1604,0.00026881972721166236,0.028123082317874987,0.03855861919757687,0.0020648204288493005,0.0010607188817219092
2025,PASSENGER,2006,19,Van: Cargo,Pickup,Light Truck,74,1.2401907614503126e-05,0.001297448934864557,0.01662921348314607,0.001139987367707547,2.1449368620443276e-05
2025,PASSENGER,2006,19,Van: Passenger,Pickup,Light Truck,187,3.133995572854168e-05,0.003278688524590164,0.011111111111111112,0.002880778888666369,5.420313421652558e-05
2025,PASSENGER,2005,20,Compact,Compact,Car,9972,0.001671240847727367,0.24020233650487777,0.01859195579096914,0.013560723401767028,0.006594444319532967
2025,PASSENGER,2005,20,Full-size,Midsize,Car,1149,0.0001925647547170823,0.027676743345778635,0.01777757148161901,0.001479101416925091,0.0007598291740015422
2025,PASSENGER,2005,20,Mid-size,Midsize,Car,4264,0.0007146180279492072,0.10270986390461279,0.009234094250996715,0.005489023883175447,0.002819766403779439
2025,PASSENGER,2005,20,Minicompact,Compact,Car,361,6.050119795723822e-05,0.008695652173913044,0.025664723446608844,0.0004909166815120233,0.00023872787799352195
2025,PASSENGER,2005,20,Minivan,Midsize SUV,Light Truck,6119,0.001025503685042495,0.1473925087317837,0.01124710734839197,0.006782016738358683,0.001773630899844492
2025,PASSENGER,2005,20,Pickup truck: Standard,Pickup,Light Truck,1014,0.00016993965298792122,0.024424906660243287,0.02374874112935335,0.015620907984533144,0.0002939143213666146
2025,PASSENGER,2005,20,Sport utility vehicle: Small,Small SUV,Light Truck,7777,0.0013033734529458217,0.1873298807659882,0.0031323089390224794,0.0031323089390224794,0.002254212699475505
2025,PASSENGER,2005,20,Sport utility vehicle: Standard,Midsize SUV,Light Truck,2389,0.00040038050393308063,0.057545465494399616,0.006669681843054485,0.002647857164232537,0.0006924667788410675
2025,PASSENGER,2005,20,Station wagon: Mid-size,Midsize,Car,539,9.03328135705025e-05,0.012983259062989281,0.01416519933773094,0.0006938517525871402,0.0003564385768379732
2025,PASSENGER,2005,20,Station wagon: Small,Midsize,Car,2842,0.00047630028973537683,0.06845718415030712,0.016641877569185004,0.00365849105909583,0.001879403405145677
2025,PASSENGER,2005,20,Subcompact,Compact,Car,3060,0.0005128356391943185,0.0737082982054679,0.01654662254233989,0.004161232812816597,0.0020235659464270836
2025,PASSENGER,2005,20,Two-seater,Midsize,Car,1256,0.00021049724275426927,0.0302541250150548,0.030193033486381884,0.0016168419318171579,0.0008305878525203976
2025,PASSENGER,2005,20,Van: Cargo,Pickup,Light Truck,642,0.00010759492822312171,0.015464290015656992,0.14426966292134832,0.009890160676597908,0.00018608776559898087
2025,PASSENGER,2005,20,Van: Passenger,Pickup,Light Truck,131,2.195472834459337e-05,0.003155485968926894,0.007783719548425431,0.0020180857455363334,3.797117958483877e-05
2025,PASSENGER,2004,21,Compact,Compact,Car,6113,0.0010244981249656433,0.22198416733241338,0.011397174664078857,0.008312946465603875,0.0040425028204277
2025,PASSENGER,2004,21,Full-size,Midsize,Car,807,0.00013524783033654086,0.029304960418331034,0.012486075009283327,0.001038846687083158,0.000533665921165574
2025,PASSENGER,2004,21,Mid-size,Midsize,Car,2630,0.0004407705003532868,0.09550439392838986,0.005695513105094128,0.0033855846183750995,0.0017392086402298135
2025,PASSENGER,2004,21,Minicompact,Compact,Car,181,3.033439565169008e-05,0.0065727358559082,0.012867908431679226,0.0002461382807581059,0.00011969458702722292
2025,PASSENGER,2004,21,Minivan,Midsize SUV,Light Truck,3488,0.0005845655913430663,0.12666134069286078,0.006411163659289294,0.0038659379610058975,0.001011018888487921
2025,PASSENGER,2004,21,Pickup truck: Standard,Pickup,Light Truck,614,0.00010290231453114756,0.02229646306921345,0.014380401433355974,0.00945881410503289,0.00017797178828313746
2025,PASSENGER,2004,21,Sport utility vehicle: Small,Small SUV,Light Truck,4332,0.0007260143754868587,0.15730989904858741,0.0017447810626006663,0.0017447810626006663,0.001255657633294058
2025,PASSENGER,2004,21,Sport utility vehicle: Standard,Midsize SUV,Light Truck,2062,0.00034557747974466816,0.07487834991647904,0.0057567534367427165,0.002285425480388234,0.0005976837580453249
2025,PASSENGER,2004,21,Station wagon: Mid-size,Midsize,Car,593,9.938285426216694e-05,0.02153388045609703,0.015584347323329216,0.0007633656572990244,0.0003921485641278629
2025,PASSENGER,2004,21,Station wagon: Small,Midsize,Car,829,0.0001389348839516634,0.030103856489214903,0.0048543689320388345,0.0010671671667805923,0.0005482144345058995
2025,PASSENGER,2004,21,Subcompact,Compact,Car,3701,0.0006202629740712982,0.13439610719732734,0.020012761447450955,0.005032915895501381,0.0024474567214792927
2025,PASSENGER,2004,21,Two-seater,Midsize,Car,1516,0.00025407151275117217,0.0550512019754521,0.03644318373037814,0.0019515385100595632,0.0010025248283606074
2025,PASSENGER,2004,21,Van: Cargo,Pickup,Light Truck,498,8.34614863786832e-05,0.018084101968189412,0.11191011235955056,0.007671806879977816,0.00014434845368892907
2025,PASSENGER,2004,21,Van: Passenger,Pickup,Light Truck,174,2.916124222869654e-05,0.006318541651536059,0.01033868092691622,0.0026805108375826106,5.0435001891312574e-05
2025,PASSENGER,2003,22,Compact,Compact,Car,4997,0.0008374639506712448,0.20712953367875647,0.009316486470865705,0.006795320380929587,0.0033044964164366457
2025,PASSENGER,2003,22,Full-size,Midsize,Car,1385,0.00023211678440657877,0.05740932642487047,0.021429013491768782,0.001782902926406659,0.0009158950443795787
2025,PASSENGER,2003,22,Mid-size,Midsize,Car,3129,0.0005243995800781119,0.129699481865285,0.006776144679026435,0.0040279445896941775,0.0020691953746308314
2025,PASSENGER,2003,22,Minivan,Midsize SUV,Light Truck,1733,0.00029043926886397186,0.0718341968911917,0.003185363136911797,0.001920777088997483,0.0005023210245841649
2025,PASSENGER,2003,22,Pickup truck: Standard,Pickup,Light Truck,607,0.00010172916110815401,0.02516062176165803,0.01421645548867602,0.009350977462141636,0.0001759427939541766
2025,PASSENGER,2003,22,Sport utility vehicle: Small,Small SUV,Light Truck,3712,0.0006221065008788595,0.15386528497409327,0.0014950663214158986,0.0014950663214158986,0.001075946707014668
2025,PASSENGER,2003,22,Sport utility vehicle: Standard,Midsize SUV,Light Truck,1392,0.00023328993782957232,0.05769948186528497,0.0038862273442996417,0.0015428284523280418,0.0004034800151305006
2025,PASSENGER,2003,22,Station wagon: Mid-size,Midsize,Car,429,7.189754549488974e-05,0.01778238341968912,0.011274342330030749,0.0005522493540999687,0.00028369601013634603
2025,PASSENGER,2003,22,Station wagon: Small,Midsize,Car,648,0.00010860048829997332,0.026860103626943004,0.003794488622389825,0.0008341668565426101,0.0004285198474786765
2025,PASSENGER,2003,22,Subcompact,Compact,Car,4112,0.0006891438393356331,0.17044559585492228,0.022235199965392687,0.005591826577222826,0.002719249402519009
2025,PASSENGER,2003,22,Two-seater,Midsize,Car,1464,0.0002453566587517916,0.060683937823834196,0.03519315368157888,0.001884599194411082,0.0009681374331925655
2025,PASSENGER,2003,22,Van: Cargo,Pickup,Light Truck,425,7.122717211032201e-05,0.017616580310880828,0.09550561797752809,0.00654722474696902,0.0001231889414011945
2025,PASSENGER,2003,22,Van: Passenger,Pickup,Light Truck,92,1.541858784505794e-05,0.0038134715025906736,0.00546642899584076,0.0014172815922850585,2.666678260919975e-05
2025,PASSENGER,2002,23,Compact,Compact,Car,1924,0.00032244959797708125,0.11915526103920233,0.0035871362757545757,0.00261640912805854,0.0012723336212175518
2025,PASSENGER,2002,23,Full-size,Midsize,Car,1015,0.00017010724633406314,0.06285997398897628,0.0157042950860255,0.0013066039496770821,0.0006712155018377418
2025,PASSENGER,2002,23,Mid-size,Midsize,Car,1862,0.00031205881051628136,0.11531553849012201,0.004032336654633181,0.0023969424180283025,0.0012313332654402711
2025,PASSENGER,2002,23,Minivan,Midsize SUV,Light Truck,1232,0.00020647500244686285,0.07629900291075742,0.002264493586079246,0.0013654918486121748,0.0003571030018971097
2025,PASSENGER,2002,23,Pickup truck: Standard,Pickup,Light Truck,495,8.29587063402574e-05,0.030655849383786463,0.011593320373796755,0.007625591175881565,0.000143478884690803
2025,PASSENGER,2002,23,Sport utility vehicle: Small,Small SUV,Light Truck,2399,0.0004020564373945,0.1485724902458661,0.0009662349421004151,0.0009662349421004151,0.0006953653421681544
2025,PASSENGER,2002,23,Sport utility vehicle: Standard,Midsize SUV,Light Truck,782,0.0001310579966829925,0.048430048925496995,0.0021832110511798273,0.0008667326506612993,0.00022666765217819787
2025,PASSENGER,2002,23,Station wagon: Mid-size,Midsize,Car,360,6.033360461109629e-05,0.022295163188208338,0.009460986570655174,0.00046342603141256116,0.00023806658193259805
2025,PASSENGER,2002,23,Station wagon: Small,Midsize,Car,88,1.4748214460490204e-05,0.0054499287793398155,0.0005153009240282479,0.00011328191878973718,5.8194053361301745e-05
2025,PASSENGER,2002,23,Subcompact,Compact,Car,3604,0.0006040064194955306,0.2231993559175079,0.019488244327644757,0.004901007535095103,0.002383311003569676
2025,PASSENGER,2002,23,Two-seater,Midsize,Car,2009,0.0003366950323991457,0.12441939679197374,0.04829443015457102,0.0025861747141884316,0.0013285437863960819
2025,PASSENGER,2002,23,Van: Cargo,Pickup,Light Truck,308,5.161875061171571e-05,0.019074750727689355,0.06921348314606741,0.004744812287215195,8.927575047427742e-05
2025,PASSENGER,2002,23,Van: Passenger,Pickup,Light Truck,69,1.1563940883793456e-05,0.004273239611073265,0.00409982174688057,0.0010629611942137938,2.0000086956899812e-05
2025,PASSENGER,2001,24,Compact,Compact,Car,3020,0.000506131905348641,0.2596062924439096,0.005630536150092941,0.004106837612649059,0.001997114103990128
2025,PASSENGER,2001,24,Full-size,Midsize,Car,757,0.00012686816302944414,0.06507349780796011,0.011712464413912613,0.00097448196049808,0.0005006011181193798
2025,PASSENGER,2001,24,Mid-size,Midsize,Car,955,0.0001600516455655471,0.08209404280924955,0.002068142591393495,0.0012293662777749887,0.0006315377381823087
2025,PASSENGER,2001,24,Minicompact,Compact,Car,79,1.3239874345212796e-05,0.006791025530817502,0.00561637992321911,0.000107430520330886,5.22423888129868e-05
2025,PASSENGER,2001,24,Minivan,Midsize SUV,Light Truck,792,0.00013273393014441183,0.06808218000515774,0.0014557458767652297,0.0008778161883935409,0.00022956621550528482
2025,PASSENGER,2001,24,Pickup truck: Standard,Pickup,Light Truck,124,2.0781574921599833e-05,0.010659331212928736,0.0029041853057591867,0.0019102491026450788,3.594218525587792e-05
2025,PASSENGER,2001,24,Sport utility vehicle: Small,Small SUV,Light Truck,1213,0.0002032907288701661,0.10427232872002064,0.0004885548081566501,0.0004885548081566501,0.00035159573157564453
2025,PASSENGER,2001,24,Sport utility vehicle: Standard,Midsize SUV,Light Truck,647,0.00010843289495383139,0.05561763947391043,0.0018063140027024915,0.0007171048912760366,0.00018753704726252434
2025,PASSENGER,2001,24,Station wagon: Mid-size,Midsize,Car,320,5.362987076541892e-05,0.02750795151723545,0.008409765840582376,0.0004119342501444988,0.00021161473949564272
2025,PASSENGER,2001,24,Station wagon: Small,Midsize,Car,62,1.0390787460799916e-05,0.005329665606464368,0.0003630529237471746,7.981226096549665e-05,4.100035577728078e-05
2025,PASSENGER,2001,24,Subcompact,Compact,Car,2547,0.00042686025262350625,0.21894610160749592,0.013772629939653494,0.0034636143706679324,0.0016843210671731313
2025,PASSENGER,2001,24,Two-seater,Midsize,Car,872,0.00014614139783576658,0.0749591678844666,0.020962042356787423,0.0011225208316437592,0.0005766501651256264
2025,PASSENGER,2001,24,Van: Cargo,Pickup,Light Truck,207,3.469182265138036e-05,0.017794206137711682,0.04651685393258427,0.0031888835826413818,6.000026087069944e-05
2025,PASSENGER,2001,24,Van: Passenger,Pickup,Light Truck,38,6.368547153393497e-06,0.00326656924267171,0.0022578728461081403,0.0005853989185525242,1.1014540642930332e-05
2025,PASSENGER,2000,25,Compact,Compact,Car,862,0.00014446546437434722,0.08215000476508148,0.0016071265435033495,0.001172216563610427,0.0005700372045163876
2025,PASSENGER,2000,25,Full-size,Midsize,Car,482,8.077999284041225e-05,0.04593538549509196,0.007457606139373685,0.0006204759642801514,0.00031874470136531184
2025,PASSENGER,2000,25,Mid-size,Midsize,Car,1171,0.00019625180833220487,0.11159820832936243,0.002535910968085636,0.0015074218966225252,0.0007743776873418676
2025,PASSENGER,2000,25,Minivan,Midsize SUV,Light Truck,1021,0.00017111280641091475,0.09730296388068237,0.001876662298203661,0.0011316292024618755,0.0002959433156955755
2025,PASSENGER,2000,25,Pickup truck: Standard,Pickup,Light Truck,77,1.2904687652928928e-05,0.00733822548365577,0.001803405391479495,0.0011862030718037988,2.2318937618569356e-05
2025,PASSENGER,2000,25,Sport utility vehicle: Small,Small SUV,Light Truck,852,0.00014278953091292787,0.08119698846850282,0.0003431563862732612,0.0003431563862732612,0.00024695759546780637
2025,PASSENGER,2000,25,Sport utility vehicle: Standard,Midsize SUV,Light Truck,795,0.00013323671018283762,0.07576479557800439,0.0022195048410332003,0.0008811412497132134,0.00023043578450341088
2025,PASSENGER,2000,25,Station wagon: Mid-size,Midsize,Car,192,3.217792245925135e-05,0.018297912894310493,0.005045859504349426,0.0002471605500866993,0.00012696884369738564
2025,PASSENGER,2000,25,Station wagon: Small,Midsize,Car,43,7.206513884103168e-06,0.004097970075288287,0.0002517947696956211,5.535366486316703e-05,2.8435730619726992e-05
2025,PASSENGER,2000,25,Subcompact,Compact,Car,4236,0.000709925414257233,0.40369770323072524,0.02290571669586659,0.005760451697742191,0.0028012501140735704
2025,PASSENGER,2000,25,Two-seater,Midsize,Car,420,7.038920537961233e-05,0.0400266844563042,0.010096396547993942,0.0005406637033146547,0.0002777443455880311
2025,PASSENGER,2000,25,Van: Cargo,Pickup,Light Truck,324,5.430024414998666e-05,0.030877728009148956,0.07280898876404494,0.0049912960423952055,9.391345179761651e-05
2025,PASSENGER,2000,25,Van: Passenger,Pickup,Light Truck,18,3.0166802305548145e-06,0.0017154293338416087,0.0010695187165775401,0.00027729422457751146,5.217413988756473e-06
