region,charger_class,bev_vehicles,ev_per_port,required_ports,observed_public_ports,derived_private_ports,L1_ports,L2_ports,DCFC_ports,capacity_gw,bev_stock_year,public_charger_as_of,50kW_ports,350kW_ports
AB,ldv,45689.258292933155,1.0,45689.258292933155,2124.0,43565.258292933155,6534.788743939973,38695.280461792776,459.1890872004079,0.3113676568008383,2023,March 2026,,
AB,mhdv,93.64585221978855,1.5,62.4305681465257,,,,,,0.0068673624961178275,2023,March 2026,49.944454517220564,12.486113629305141
BCT,ldv,120493.17664465321,1.0,120493.17664465321,7898.0,112595.17664465321,16889.27649669798,101896.42584912809,1707.474298827129,0.8443618958001257,2023,March 2026,,
BCT,mhdv,2252.9822101927834,1.5,1501.9881401285222,,,,,,0.16521869541413745,2023,March 2026,1201.590512102818,300.3976280257045
MB,ldv,3088.9273270937865,1.0,3088.9273270937865,554.0,2534.9273270937865,380.23909906406794,2588.918569692136,119.76965833758287,0.025199055267258623,2023,March 2026,,
MB,mhdv,160.12483029336434,1.5,106.74988686224289,,,,,,0.011742487554846717,2023,March 2026,85.39990948979431,21.349977372448578
NB,ldv,2242.516514798163,1.0,2242.516514798163,541.0,1701.516514798163,255.22747721972442,1870.3298585881273,116.95917899031106,0.019697175147179655,2023,March 2026,,
NB,mhdv,0.0,1.5,0.0,,,,,,0.0,2023,March 2026,0.0,0.0
NLLAB,ldv,5772.268424995278,1.0,5772.268424995278,225.0,5547.268424995278,832.0902637492917,4891.535249466282,48.64291177970423,0.03889933478076638,2023,March 2026,,
NLLAB,mhdv,54.70754963466666,1.5,36.471699756444444,,,,,,0.0040118869732088894,2023,March 2026,29.177359805155557,7.294339951288889
NS,ldv,3099.3933595779295,1.0,3099.3933595779295,653.0,2446.3933595779295,366.9590039366894,2591.2618161205874,141.17253952065272,0.026266150558005897,2023,March 2026,,
NS,mhdv,35.4130377989861,1.5,23.608691865990735,,,,,,0.0025969561052589813,2023,March 2026,18.88695349279259,4.721738373198147
ON,ldv,107494.31855482595,1.0,107494.31855482595,13392.0,94102.31855482595,14115.347783223891,90483.74466247406,2895.2261091279956,0.8174172887010488,2023,March 2026,,
ON,mhdv,2888.4338877093187,1.5,1925.6225918062125,,,,,,0.2118184850986834,2023,March 2026,1540.49807344497,385.1245183612425
PEI,ldv,924.4133414856535,1.0,924.4133414856535,341.0,583.4133414856535,87.51200122284803,763.180305076676,73.72103518612953,0.009312217957692815,2023,March 2026,,
PEI,mhdv,0.0,1.5,0.0,,,,,,0.0,2023,March 2026,0.0,0.0
QC,ldv,150665.91605713952,1.0,150665.91605713952,13081.0,137584.91605713952,20637.737408570927,127200.1878530561,2827.9907955124936,1.088197498430485,2023,March 2026,,
QC,mhdv,3303.6715063988822,1.5,2202.447670932588,,,,,,0.24226924380258472,2023,March 2026,1761.9581367460705,440.48953418651763
SK,ldv,2642.5289314756233,1.0,2642.5289314756233,411.0,2231.5289314756233,334.7293397213435,2218.9452062366863,88.85438551759306,0.020921218770365808,2023,March 2026,,
SK,mhdv,135.0986978766531,1.5,90.0657985844354,,,,,,0.009907237844287894,2023,March 2026,72.05263886754832,18.01315971688708
