region,tech_or_group,vintage,output_comm,operator,factor,notes,data_source,dq_cred,dq_geog,dq_struc,dq_tech,dq_time,data_id,source_year,units
AB,T_LDV_CHRG_EX,2020,T_elc_ldv_chrg,le,0.15,Reviewed ldv annual charging utilization; 2025 input year; constant over cohort lifetime,T24,5,5,5,5,5,ev-chargers-utilization:composite:2:5befe86a48cff01d,2025,fraction
AB,T_MHDV_CHRG_EX,2020,T_elc_mhdv_chrg,le,0.3,Reviewed mhdv annual charging utilization; 2025 input year; constant over cohort lifetime,T24,5,5,5,5,5,ev-chargers-utilization:composite:2:5befe86a48cff01d,2025,fraction
AB,T_LDV_CHRG_N,2025,T_elc_ldv_chrg,le,0.2,Reviewed ldv annual charging utilization; 2030 input year; constant over cohort lifetime,T24,5,5,5,5,5,ev-chargers-utilization:composite:2:5befe86a48cff01d,2030,fraction
AB,T_MHDV_CHRG_N,2025,T_elc_mhdv_chrg,le,0.3,Reviewed mhdv annual charging utilization; 2030 input year; constant over cohort lifetime,T24,5,5,5,5,5,ev-chargers-utilization:composite:2:5befe86a48cff01d,2030,fraction
AB,T_LDV_CHRG_N,2030,T_elc_ldv_chrg,le,0.2,Reviewed ldv annual charging utilization; 2035 input year; constant over cohort lifetime,T24,5,5,5,5,5,ev-chargers-utilization:composite:2:5befe86a48cff01d,2035,fraction
AB,T_MHDV_CHRG_N,2030,T_elc_mhdv_chrg,le,0.3,Reviewed mhdv annual charging utilization; 2035 input year; constant over cohort lifetime,T24,5,5,5,5,5,ev-chargers-utilization:composite:2:5befe86a48cff01d,2035,fraction
AB,T_LDV_CHRG_N,2035,T_elc_ldv_chrg,le,0.2,Reviewed ldv annual charging utilization; 2040 input year; constant over cohort lifetime,T24,5,5,5,5,5,ev-chargers-utilization:composite:2:5befe86a48cff01d,2040,fraction
AB,T_MHDV_CHRG_N,2035,T_elc_mhdv_chrg,le,0.3,Reviewed mhdv annual charging utilization; 2040 input year; constant over cohort lifetime,T24,5,5,5,5,5,ev-chargers-utilization:composite:2:5befe86a48cff01d,2040,fraction
AB,T_LDV_CHRG_N,2040,T_elc_ldv_chrg,le,0.2,Reviewed ldv annual charging utilization; 2045 input year; constant over cohort lifetime,T24,5,5,5,5,5,ev-chargers-utilization:composite:2:5befe86a48cff01d,2045,fraction
AB,T_MHDV_CHRG_N,2040,T_elc_mhdv_chrg,le,0.3,Reviewed mhdv annual charging utilization; 2045 input year; constant over cohort lifetime,T24,5,5,5,5,5,ev-chargers-utilization:composite:2:5befe86a48cff01d,2045,fraction
AB,T_LDV_CHRG_N,2045,T_elc_ldv_chrg,le,0.2,Reviewed ldv annual charging utilization; 2050 input year; constant over cohort lifetime,T24,5,5,5,5,5,ev-chargers-utilization:composite:2:5befe86a48cff01d,2050,fraction
AB,T_MHDV_CHRG_N,2045,T_elc_mhdv_chrg,le,0.3,Reviewed mhdv annual charging utilization; 2050 input year; constant over cohort lifetime,T24,5,5,5,5,5,ev-chargers-utilization:composite:2:5befe86a48cff01d,2050,fraction
BCT,T_LDV_CHRG_EX,2020,T_elc_ldv_chrg,le,0.15,Reviewed ldv annual charging utilization; 2025 input year; constant over cohort lifetime,T24,5,5,5,5,5,ev-chargers-utilization:composite:2:5befe86a48cff01d,2025,fraction
BCT,T_MHDV_CHRG_EX,2020,T_elc_mhdv_chrg,le,0.3,Reviewed mhdv annual charging utilization; 2025 input year; constant over cohort lifetime,T24,5,5,5,5,5,ev-chargers-utilization:composite:2:5befe86a48cff01d,2025,fraction
BCT,T_LDV_CHRG_N,2025,T_elc_ldv_chrg,le,0.2,Reviewed ldv annual charging utilization; 2030 input year; constant over cohort lifetime,T24,5,5,5,5,5,ev-chargers-utilization:composite:2:5befe86a48cff01d,2030,fraction
BCT,T_MHDV_CHRG_N,2025,T_elc_mhdv_chrg,le,0.3,Reviewed mhdv annual charging utilization; 2030 input year; constant over cohort lifetime,T24,5,5,5,5,5,ev-chargers-utilization:composite:2:5befe86a48cff01d,2030,fraction
BCT,T_LDV_CHRG_N,2030,T_elc_ldv_chrg,le,0.2,Reviewed ldv annual charging utilization; 2035 input year; constant over cohort lifetime,T24,5,5,5,5,5,ev-chargers-utilization:composite:2:5befe86a48cff01d,2035,fraction
BCT,T_MHDV_CHRG_N,2030,T_elc_mhdv_chrg,le,0.3,Reviewed mhdv annual charging utilization; 2035 input year; constant over cohort lifetime,T24,5,5,5,5,5,ev-chargers-utilization:composite:2:5befe86a48cff01d,2035,fraction
BCT,T_LDV_CHRG_N,2035,T_elc_ldv_chrg,le,0.2,Reviewed ldv annual charging utilization; 2040 input year; constant over cohort lifetime,T24,5,5,5,5,5,ev-chargers-utilization:composite:2:5befe86a48cff01d,2040,fraction
BCT,T_MHDV_CHRG_N,2035,T_elc_mhdv_chrg,le,0.3,Reviewed mhdv annual charging utilization; 2040 input year; constant over cohort lifetime,T24,5,5,5,5,5,ev-chargers-utilization:composite:2:5befe86a48cff01d,2040,fraction
BCT,T_LDV_CHRG_N,2040,T_elc_ldv_chrg,le,0.2,Reviewed ldv annual charging utilization; 2045 input year; constant over cohort lifetime,T24,5,5,5,5,5,ev-chargers-utilization:composite:2:5befe86a48cff01d,2045,fraction
BCT,T_MHDV_CHRG_N,2040,T_elc_mhdv_chrg,le,0.3,Reviewed mhdv annual charging utilization; 2045 input year; constant over cohort lifetime,T24,5,5,5,5,5,ev-chargers-utilization:composite:2:5befe86a48cff01d,2045,fraction
BCT,T_LDV_CHRG_N,2045,T_elc_ldv_chrg,le,0.2,Reviewed ldv annual charging utilization; 2050 input year; constant over cohort lifetime,T24,5,5,5,5,5,ev-chargers-utilization:composite:2:5befe86a48cff01d,2050,fraction
BCT,T_MHDV_CHRG_N,2045,T_elc_mhdv_chrg,le,0.3,Reviewed mhdv annual charging utilization; 2050 input year; constant over cohort lifetime,T24,5,5,5,5,5,ev-chargers-utilization:composite:2:5befe86a48cff01d,2050,fraction
MB,T_LDV_CHRG_EX,2020,T_elc_ldv_chrg,le,0.15,Reviewed ldv annual charging utilization; 2025 input year; constant over cohort lifetime,T24,5,5,5,5,5,ev-chargers-utilization:composite:2:5befe86a48cff01d,2025,fraction
MB,T_MHDV_CHRG_EX,2020,T_elc_mhdv_chrg,le,0.3,Reviewed mhdv annual charging utilization; 2025 input year; constant over cohort lifetime,T24,5,5,5,5,5,ev-chargers-utilization:composite:2:5befe86a48cff01d,2025,fraction
MB,T_LDV_CHRG_N,2025,T_elc_ldv_chrg,le,0.2,Reviewed ldv annual charging utilization; 2030 input year; constant over cohort lifetime,T24,5,5,5,5,5,ev-chargers-utilization:composite:2:5befe86a48cff01d,2030,fraction
MB,T_MHDV_CHRG_N,2025,T_elc_mhdv_chrg,le,0.3,Reviewed mhdv annual charging utilization; 2030 input year; constant over cohort lifetime,T24,5,5,5,5,5,ev-chargers-utilization:composite:2:5befe86a48cff01d,2030,fraction
MB,T_LDV_CHRG_N,2030,T_elc_ldv_chrg,le,0.2,Reviewed ldv annual charging utilization; 2035 input year; constant over cohort lifetime,T24,5,5,5,5,5,ev-chargers-utilization:composite:2:5befe86a48cff01d,2035,fraction
MB,T_MHDV_CHRG_N,2030,T_elc_mhdv_chrg,le,0.3,Reviewed mhdv annual charging utilization; 2035 input year; constant over cohort lifetime,T24,5,5,5,5,5,ev-chargers-utilization:composite:2:5befe86a48cff01d,2035,fraction
MB,T_LDV_CHRG_N,2035,T_elc_ldv_chrg,le,0.2,Reviewed ldv annual charging utilization; 2040 input year; constant over cohort lifetime,T24,5,5,5,5,5,ev-chargers-utilization:composite:2:5befe86a48cff01d,2040,fraction
MB,T_MHDV_CHRG_N,2035,T_elc_mhdv_chrg,le,0.3,Reviewed mhdv annual charging utilization; 2040 input year; constant over cohort lifetime,T24,5,5,5,5,5,ev-chargers-utilization:composite:2:5befe86a48cff01d,2040,fraction
MB,T_LDV_CHRG_N,2040,T_elc_ldv_chrg,le,0.2,Reviewed ldv annual charging utilization; 2045 input year; constant over cohort lifetime,T24,5,5,5,5,5,ev-chargers-utilization:composite:2:5befe86a48cff01d,2045,fraction
MB,T_MHDV_CHRG_N,2040,T_elc_mhdv_chrg,le,0.3,Reviewed mhdv annual charging utilization; 2045 input year; constant over cohort lifetime,T24,5,5,5,5,5,ev-chargers-utilization:composite:2:5befe86a48cff01d,2045,fraction
MB,T_LDV_CHRG_N,2045,T_elc_ldv_chrg,le,0.2,Reviewed ldv annual charging utilization; 2050 input year; constant over cohort lifetime,T24,5,5,5,5,5,ev-chargers-utilization:composite:2:5befe86a48cff01d,2050,fraction
MB,T_MHDV_CHRG_N,2045,T_elc_mhdv_chrg,le,0.3,Reviewed mhdv annual charging utilization; 2050 input year; constant over cohort lifetime,T24,5,5,5,5,5,ev-chargers-utilization:composite:2:5befe86a48cff01d,2050,fraction
NB,T_LDV_CHRG_EX,2020,T_elc_ldv_chrg,le,0.15,Reviewed ldv annual charging utilization; 2025 input year; constant over cohort lifetime,T24,5,5,5,5,5,ev-chargers-utilization:composite:2:5befe86a48cff01d,2025,fraction
NB,T_LDV_CHRG_N,2025,T_elc_ldv_chrg,le,0.2,Reviewed ldv annual charging utilization; 2030 input year; constant over cohort lifetime,T24,5,5,5,5,5,ev-chargers-utilization:composite:2:5befe86a48cff01d,2030,fraction
NB,T_MHDV_CHRG_N,2025,T_elc_mhdv_chrg,le,0.3,Reviewed mhdv annual charging utilization; 2030 input year; constant over cohort lifetime,T24,5,5,5,5,5,ev-chargers-utilization:composite:2:5befe86a48cff01d,2030,fraction
NB,T_LDV_CHRG_N,2030,T_elc_ldv_chrg,le,0.2,Reviewed ldv annual charging utilization; 2035 input year; constant over cohort lifetime,T24,5,5,5,5,5,ev-chargers-utilization:composite:2:5befe86a48cff01d,2035,fraction
NB,T_MHDV_CHRG_N,2030,T_elc_mhdv_chrg,le,0.3,Reviewed mhdv annual charging utilization; 2035 input year; constant over cohort lifetime,T24,5,5,5,5,5,ev-chargers-utilization:composite:2:5befe86a48cff01d,2035,fraction
NB,T_LDV_CHRG_N,2035,T_elc_ldv_chrg,le,0.2,Reviewed ldv annual charging utilization; 2040 input year; constant over cohort lifetime,T24,5,5,5,5,5,ev-chargers-utilization:composite:2:5befe86a48cff01d,2040,fraction
NB,T_MHDV_CHRG_N,2035,T_elc_mhdv_chrg,le,0.3,Reviewed mhdv annual charging utilization; 2040 input year; constant over cohort lifetime,T24,5,5,5,5,5,ev-chargers-utilization:composite:2:5befe86a48cff01d,2040,fraction
NB,T_LDV_CHRG_N,2040,T_elc_ldv_chrg,le,0.2,Reviewed ldv annual charging utilization; 2045 input year; constant over cohort lifetime,T24,5,5,5,5,5,ev-chargers-utilization:composite:2:5befe86a48cff01d,2045,fraction
NB,T_MHDV_CHRG_N,2040,T_elc_mhdv_chrg,le,0.3,Reviewed mhdv annual charging utilization; 2045 input year; constant over cohort lifetime,T24,5,5,5,5,5,ev-chargers-utilization:composite:2:5befe86a48cff01d,2045,fraction
NB,T_LDV_CHRG_N,2045,T_elc_ldv_chrg,le,0.2,Reviewed ldv annual charging utilization; 2050 input year; constant over cohort lifetime,T24,5,5,5,5,5,ev-chargers-utilization:composite:2:5befe86a48cff01d,2050,fraction
NB,T_MHDV_CHRG_N,2045,T_elc_mhdv_chrg,le,0.3,Reviewed mhdv annual charging utilization; 2050 input year; constant over cohort lifetime,T24,5,5,5,5,5,ev-chargers-utilization:composite:2:5befe86a48cff01d,2050,fraction
NLLAB,T_LDV_CHRG_EX,2020,T_elc_ldv_chrg,le,0.15,Reviewed ldv annual charging utilization; 2025 input year; constant over cohort lifetime,T24,5,5,5,5,5,ev-chargers-utilization:composite:2:5befe86a48cff01d,2025,fraction
NLLAB,T_MHDV_CHRG_EX,2020,T_elc_mhdv_chrg,le,0.3,Reviewed mhdv annual charging utilization; 2025 input year; constant over cohort lifetime,T24,5,5,5,5,5,ev-chargers-utilization:composite:2:5befe86a48cff01d,2025,fraction
NLLAB,T_LDV_CHRG_N,2025,T_elc_ldv_chrg,le,0.2,Reviewed ldv annual charging utilization; 2030 input year; constant over cohort lifetime,T24,5,5,5,5,5,ev-chargers-utilization:composite:2:5befe86a48cff01d,2030,fraction
NLLAB,T_MHDV_CHRG_N,2025,T_elc_mhdv_chrg,le,0.3,Reviewed mhdv annual charging utilization; 2030 input year; constant over cohort lifetime,T24,5,5,5,5,5,ev-chargers-utilization:composite:2:5befe86a48cff01d,2030,fraction
NLLAB,T_LDV_CHRG_N,2030,T_elc_ldv_chrg,le,0.2,Reviewed ldv annual charging utilization; 2035 input year; constant over cohort lifetime,T24,5,5,5,5,5,ev-chargers-utilization:composite:2:5befe86a48cff01d,2035,fraction
NLLAB,T_MHDV_CHRG_N,2030,T_elc_mhdv_chrg,le,0.3,Reviewed mhdv annual charging utilization; 2035 input year; constant over cohort lifetime,T24,5,5,5,5,5,ev-chargers-utilization:composite:2:5befe86a48cff01d,2035,fraction
NLLAB,T_LDV_CHRG_N,2035,T_elc_ldv_chrg,le,0.2,Reviewed ldv annual charging utilization; 2040 input year; constant over cohort lifetime,T24,5,5,5,5,5,ev-chargers-utilization:composite:2:5befe86a48cff01d,2040,fraction
NLLAB,T_MHDV_CHRG_N,2035,T_elc_mhdv_chrg,le,0.3,Reviewed mhdv annual charging utilization; 2040 input year; constant over cohort lifetime,T24,5,5,5,5,5,ev-chargers-utilization:composite:2:5befe86a48cff01d,2040,fraction
NLLAB,T_LDV_CHRG_N,2040,T_elc_ldv_chrg,le,0.2,Reviewed ldv annual charging utilization; 2045 input year; constant over cohort lifetime,T24,5,5,5,5,5,ev-chargers-utilization:composite:2:5befe86a48cff01d,2045,fraction
NLLAB,T_MHDV_CHRG_N,2040,T_elc_mhdv_chrg,le,0.3,Reviewed mhdv annual charging utilization; 2045 input year; constant over cohort lifetime,T24,5,5,5,5,5,ev-chargers-utilization:composite:2:5befe86a48cff01d,2045,fraction
NLLAB,T_LDV_CHRG_N,2045,T_elc_ldv_chrg,le,0.2,Reviewed ldv annual charging utilization; 2050 input year; constant over cohort lifetime,T24,5,5,5,5,5,ev-chargers-utilization:composite:2:5befe86a48cff01d,2050,fraction
NLLAB,T_MHDV_CHRG_N,2045,T_elc_mhdv_chrg,le,0.3,Reviewed mhdv annual charging utilization; 2050 input year; constant over cohort lifetime,T24,5,5,5,5,5,ev-chargers-utilization:composite:2:5befe86a48cff01d,2050,fraction
NS,T_LDV_CHRG_EX,2020,T_elc_ldv_chrg,le,0.15,Reviewed ldv annual charging utilization; 2025 input year; constant over cohort lifetime,T24,5,5,5,5,5,ev-chargers-utilization:composite:2:5befe86a48cff01d,2025,fraction
NS,T_MHDV_CHRG_EX,2020,T_elc_mhdv_chrg,le,0.3,Reviewed mhdv annual charging utilization; 2025 input year; constant over cohort lifetime,T24,5,5,5,5,5,ev-chargers-utilization:composite:2:5befe86a48cff01d,2025,fraction
NS,T_LDV_CHRG_N,2025,T_elc_ldv_chrg,le,0.2,Reviewed ldv annual charging utilization; 2030 input year; constant over cohort lifetime,T24,5,5,5,5,5,ev-chargers-utilization:composite:2:5befe86a48cff01d,2030,fraction
NS,T_MHDV_CHRG_N,2025,T_elc_mhdv_chrg,le,0.3,Reviewed mhdv annual charging utilization; 2030 input year; constant over cohort lifetime,T24,5,5,5,5,5,ev-chargers-utilization:composite:2:5befe86a48cff01d,2030,fraction
NS,T_LDV_CHRG_N,2030,T_elc_ldv_chrg,le,0.2,Reviewed ldv annual charging utilization; 2035 input year; constant over cohort lifetime,T24,5,5,5,5,5,ev-chargers-utilization:composite:2:5befe86a48cff01d,2035,fraction
NS,T_MHDV_CHRG_N,2030,T_elc_mhdv_chrg,le,0.3,Reviewed mhdv annual charging utilization; 2035 input year; constant over cohort lifetime,T24,5,5,5,5,5,ev-chargers-utilization:composite:2:5befe86a48cff01d,2035,fraction
NS,T_LDV_CHRG_N,2035,T_elc_ldv_chrg,le,0.2,Reviewed ldv annual charging utilization; 2040 input year; constant over cohort lifetime,T24,5,5,5,5,5,ev-chargers-utilization:composite:2:5befe86a48cff01d,2040,fraction
NS,T_MHDV_CHRG_N,2035,T_elc_mhdv_chrg,le,0.3,Reviewed mhdv annual charging utilization; 2040 input year; constant over cohort lifetime,T24,5,5,5,5,5,ev-chargers-utilization:composite:2:5befe86a48cff01d,2040,fraction
NS,T_LDV_CHRG_N,2040,T_elc_ldv_chrg,le,0.2,Reviewed ldv annual charging utilization; 2045 input year; constant over cohort lifetime,T24,5,5,5,5,5,ev-chargers-utilization:composite:2:5befe86a48cff01d,2045,fraction
NS,T_MHDV_CHRG_N,2040,T_elc_mhdv_chrg,le,0.3,Reviewed mhdv annual charging utilization; 2045 input year; constant over cohort lifetime,T24,5,5,5,5,5,ev-chargers-utilization:composite:2:5befe86a48cff01d,2045,fraction
NS,T_LDV_CHRG_N,2045,T_elc_ldv_chrg,le,0.2,Reviewed ldv annual charging utilization; 2050 input year; constant over cohort lifetime,T24,5,5,5,5,5,ev-chargers-utilization:composite:2:5befe86a48cff01d,2050,fraction
NS,T_MHDV_CHRG_N,2045,T_elc_mhdv_chrg,le,0.3,Reviewed mhdv annual charging utilization; 2050 input year; constant over cohort lifetime,T24,5,5,5,5,5,ev-chargers-utilization:composite:2:5befe86a48cff01d,2050,fraction
ON,T_LDV_CHRG_EX,2020,T_elc_ldv_chrg,le,0.15,Reviewed ldv annual charging utilization; 2025 input year; constant over cohort lifetime,T24,5,5,5,5,5,ev-chargers-utilization:composite:2:5befe86a48cff01d,2025,fraction
ON,T_MHDV_CHRG_EX,2020,T_elc_mhdv_chrg,le,0.3,Reviewed mhdv annual charging utilization; 2025 input year; constant over cohort lifetime,T24,5,5,5,5,5,ev-chargers-utilization:composite:2:5befe86a48cff01d,2025,fraction
ON,T_LDV_CHRG_N,2025,T_elc_ldv_chrg,le,0.2,Reviewed ldv annual charging utilization; 2030 input year; constant over cohort lifetime,T24,5,5,5,5,5,ev-chargers-utilization:composite:2:5befe86a48cff01d,2030,fraction
ON,T_MHDV_CHRG_N,2025,T_elc_mhdv_chrg,le,0.3,Reviewed mhdv annual charging utilization; 2030 input year; constant over cohort lifetime,T24,5,5,5,5,5,ev-chargers-utilization:composite:2:5befe86a48cff01d,2030,fraction
ON,T_LDV_CHRG_N,2030,T_elc_ldv_chrg,le,0.2,Reviewed ldv annual charging utilization; 2035 input year; constant over cohort lifetime,T24,5,5,5,5,5,ev-chargers-utilization:composite:2:5befe86a48cff01d,2035,fraction
ON,T_MHDV_CHRG_N,2030,T_elc_mhdv_chrg,le,0.3,Reviewed mhdv annual charging utilization; 2035 input year; constant over cohort lifetime,T24,5,5,5,5,5,ev-chargers-utilization:composite:2:5befe86a48cff01d,2035,fraction
ON,T_LDV_CHRG_N,2035,T_elc_ldv_chrg,le,0.2,Reviewed ldv annual charging utilization; 2040 input year; constant over cohort lifetime,T24,5,5,5,5,5,ev-chargers-utilization:composite:2:5befe86a48cff01d,2040,fraction
ON,T_MHDV_CHRG_N,2035,T_elc_mhdv_chrg,le,0.3,Reviewed mhdv annual charging utilization; 2040 input year; constant over cohort lifetime,T24,5,5,5,5,5,ev-chargers-utilization:composite:2:5befe86a48cff01d,2040,fraction
ON,T_LDV_CHRG_N,2040,T_elc_ldv_chrg,le,0.2,Reviewed ldv annual charging utilization; 2045 input year; constant over cohort lifetime,T24,5,5,5,5,5,ev-chargers-utilization:composite:2:5befe86a48cff01d,2045,fraction
ON,T_MHDV_CHRG_N,2040,T_elc_mhdv_chrg,le,0.3,Reviewed mhdv annual charging utilization; 2045 input year; constant over cohort lifetime,T24,5,5,5,5,5,ev-chargers-utilization:composite:2:5befe86a48cff01d,2045,fraction
ON,T_LDV_CHRG_N,2045,T_elc_ldv_chrg,le,0.2,Reviewed ldv annual charging utilization; 2050 input year; constant over cohort lifetime,T24,5,5,5,5,5,ev-chargers-utilization:composite:2:5befe86a48cff01d,2050,fraction
ON,T_MHDV_CHRG_N,2045,T_elc_mhdv_chrg,le,0.3,Reviewed mhdv annual charging utilization; 2050 input year; constant over cohort lifetime,T24,5,5,5,5,5,ev-chargers-utilization:composite:2:5befe86a48cff01d,2050,fraction
PEI,T_LDV_CHRG_EX,2020,T_elc_ldv_chrg,le,0.15,Reviewed ldv annual charging utilization; 2025 input year; constant over cohort lifetime,T24,5,5,5,5,5,ev-chargers-utilization:composite:2:5befe86a48cff01d,2025,fraction
PEI,T_LDV_CHRG_N,2025,T_elc_ldv_chrg,le,0.2,Reviewed ldv annual charging utilization; 2030 input year; constant over cohort lifetime,T24,5,5,5,5,5,ev-chargers-utilization:composite:2:5befe86a48cff01d,2030,fraction
PEI,T_MHDV_CHRG_N,2025,T_elc_mhdv_chrg,le,0.3,Reviewed mhdv annual charging utilization; 2030 input year; constant over cohort lifetime,T24,5,5,5,5,5,ev-chargers-utilization:composite:2:5befe86a48cff01d,2030,fraction
PEI,T_LDV_CHRG_N,2030,T_elc_ldv_chrg,le,0.2,Reviewed ldv annual charging utilization; 2035 input year; constant over cohort lifetime,T24,5,5,5,5,5,ev-chargers-utilization:composite:2:5befe86a48cff01d,2035,fraction
PEI,T_MHDV_CHRG_N,2030,T_elc_mhdv_chrg,le,0.3,Reviewed mhdv annual charging utilization; 2035 input year; constant over cohort lifetime,T24,5,5,5,5,5,ev-chargers-utilization:composite:2:5befe86a48cff01d,2035,fraction
PEI,T_LDV_CHRG_N,2035,T_elc_ldv_chrg,le,0.2,Reviewed ldv annual charging utilization; 2040 input year; constant over cohort lifetime,T24,5,5,5,5,5,ev-chargers-utilization:composite:2:5befe86a48cff01d,2040,fraction
PEI,T_MHDV_CHRG_N,2035,T_elc_mhdv_chrg,le,0.3,Reviewed mhdv annual charging utilization; 2040 input year; constant over cohort lifetime,T24,5,5,5,5,5,ev-chargers-utilization:composite:2:5befe86a48cff01d,2040,fraction
PEI,T_LDV_CHRG_N,2040,T_elc_ldv_chrg,le,0.2,Reviewed ldv annual charging utilization; 2045 input year; constant over cohort lifetime,T24,5,5,5,5,5,ev-chargers-utilization:composite:2:5befe86a48cff01d,2045,fraction
PEI,T_MHDV_CHRG_N,2040,T_elc_mhdv_chrg,le,0.3,Reviewed mhdv annual charging utilization; 2045 input year; constant over cohort lifetime,T24,5,5,5,5,5,ev-chargers-utilization:composite:2:5befe86a48cff01d,2045,fraction
PEI,T_LDV_CHRG_N,2045,T_elc_ldv_chrg,le,0.2,Reviewed ldv annual charging utilization; 2050 input year; constant over cohort lifetime,T24,5,5,5,5,5,ev-chargers-utilization:composite:2:5befe86a48cff01d,2050,fraction
PEI,T_MHDV_CHRG_N,2045,T_elc_mhdv_chrg,le,0.3,Reviewed mhdv annual charging utilization; 2050 input year; constant over cohort lifetime,T24,5,5,5,5,5,ev-chargers-utilization:composite:2:5befe86a48cff01d,2050,fraction
QC,T_LDV_CHRG_EX,2020,T_elc_ldv_chrg,le,0.15,Reviewed ldv annual charging utilization; 2025 input year; constant over cohort lifetime,T24,5,5,5,5,5,ev-chargers-utilization:composite:2:5befe86a48cff01d,2025,fraction
QC,T_MHDV_CHRG_EX,2020,T_elc_mhdv_chrg,le,0.3,Reviewed mhdv annual charging utilization; 2025 input year; constant over cohort lifetime,T24,5,5,5,5,5,ev-chargers-utilization:composite:2:5befe86a48cff01d,2025,fraction
QC,T_LDV_CHRG_N,2025,T_elc_ldv_chrg,le,0.2,Reviewed ldv annual charging utilization; 2030 input year; constant over cohort lifetime,T24,5,5,5,5,5,ev-chargers-utilization:composite:2:5befe86a48cff01d,2030,fraction
QC,T_MHDV_CHRG_N,2025,T_elc_mhdv_chrg,le,0.3,Reviewed mhdv annual charging utilization; 2030 input year; constant over cohort lifetime,T24,5,5,5,5,5,ev-chargers-utilization:composite:2:5befe86a48cff01d,2030,fraction
QC,T_LDV_CHRG_N,2030,T_elc_ldv_chrg,le,0.2,Reviewed ldv annual charging utilization; 2035 input year; constant over cohort lifetime,T24,5,5,5,5,5,ev-chargers-utilization:composite:2:5befe86a48cff01d,2035,fraction
QC,T_MHDV_CHRG_N,2030,T_elc_mhdv_chrg,le,0.3,Reviewed mhdv annual charging utilization; 2035 input year; constant over cohort lifetime,T24,5,5,5,5,5,ev-chargers-utilization:composite:2:5befe86a48cff01d,2035,fraction
QC,T_LDV_CHRG_N,2035,T_elc_ldv_chrg,le,0.2,Reviewed ldv annual charging utilization; 2040 input year; constant over cohort lifetime,T24,5,5,5,5,5,ev-chargers-utilization:composite:2:5befe86a48cff01d,2040,fraction
QC,T_MHDV_CHRG_N,2035,T_elc_mhdv_chrg,le,0.3,Reviewed mhdv annual charging utilization; 2040 input year; constant over cohort lifetime,T24,5,5,5,5,5,ev-chargers-utilization:composite:2:5befe86a48cff01d,2040,fraction
QC,T_LDV_CHRG_N,2040,T_elc_ldv_chrg,le,0.2,Reviewed ldv annual charging utilization; 2045 input year; constant over cohort lifetime,T24,5,5,5,5,5,ev-chargers-utilization:composite:2:5befe86a48cff01d,2045,fraction
QC,T_MHDV_CHRG_N,2040,T_elc_mhdv_chrg,le,0.3,Reviewed mhdv annual charging utilization; 2045 input year; constant over cohort lifetime,T24,5,5,5,5,5,ev-chargers-utilization:composite:2:5befe86a48cff01d,2045,fraction
QC,T_LDV_CHRG_N,2045,T_elc_ldv_chrg,le,0.2,Reviewed ldv annual charging utilization; 2050 input year; constant over cohort lifetime,T24,5,5,5,5,5,ev-chargers-utilization:composite:2:5befe86a48cff01d,2050,fraction
QC,T_MHDV_CHRG_N,2045,T_elc_mhdv_chrg,le,0.3,Reviewed mhdv annual charging utilization; 2050 input year; constant over cohort lifetime,T24,5,5,5,5,5,ev-chargers-utilization:composite:2:5befe86a48cff01d,2050,fraction
SK,T_LDV_CHRG_EX,2020,T_elc_ldv_chrg,le,0.15,Reviewed ldv annual charging utilization; 2025 input year; constant over cohort lifetime,T24,5,5,5,5,5,ev-chargers-utilization:composite:2:5befe86a48cff01d,2025,fraction
SK,T_MHDV_CHRG_EX,2020,T_elc_mhdv_chrg,le,0.3,Reviewed mhdv annual charging utilization; 2025 input year; constant over cohort lifetime,T24,5,5,5,5,5,ev-chargers-utilization:composite:2:5befe86a48cff01d,2025,fraction
SK,T_LDV_CHRG_N,2025,T_elc_ldv_chrg,le,0.2,Reviewed ldv annual charging utilization; 2030 input year; constant over cohort lifetime,T24,5,5,5,5,5,ev-chargers-utilization:composite:2:5befe86a48cff01d,2030,fraction
SK,T_MHDV_CHRG_N,2025,T_elc_mhdv_chrg,le,0.3,Reviewed mhdv annual charging utilization; 2030 input year; constant over cohort lifetime,T24,5,5,5,5,5,ev-chargers-utilization:composite:2:5befe86a48cff01d,2030,fraction
SK,T_LDV_CHRG_N,2030,T_elc_ldv_chrg,le,0.2,Reviewed ldv annual charging utilization; 2035 input year; constant over cohort lifetime,T24,5,5,5,5,5,ev-chargers-utilization:composite:2:5befe86a48cff01d,2035,fraction
SK,T_MHDV_CHRG_N,2030,T_elc_mhdv_chrg,le,0.3,Reviewed mhdv annual charging utilization; 2035 input year; constant over cohort lifetime,T24,5,5,5,5,5,ev-chargers-utilization:composite:2:5befe86a48cff01d,2035,fraction
SK,T_LDV_CHRG_N,2035,T_elc_ldv_chrg,le,0.2,Reviewed ldv annual charging utilization; 2040 input year; constant over cohort lifetime,T24,5,5,5,5,5,ev-chargers-utilization:composite:2:5befe86a48cff01d,2040,fraction
SK,T_MHDV_CHRG_N,2035,T_elc_mhdv_chrg,le,0.3,Reviewed mhdv annual charging utilization; 2040 input year; constant over cohort lifetime,T24,5,5,5,5,5,ev-chargers-utilization:composite:2:5befe86a48cff01d,2040,fraction
SK,T_LDV_CHRG_N,2040,T_elc_ldv_chrg,le,0.2,Reviewed ldv annual charging utilization; 2045 input year; constant over cohort lifetime,T24,5,5,5,5,5,ev-chargers-utilization:composite:2:5befe86a48cff01d,2045,fraction
SK,T_MHDV_CHRG_N,2040,T_elc_mhdv_chrg,le,0.3,Reviewed mhdv annual charging utilization; 2045 input year; constant over cohort lifetime,T24,5,5,5,5,5,ev-chargers-utilization:composite:2:5befe86a48cff01d,2045,fraction
SK,T_LDV_CHRG_N,2045,T_elc_ldv_chrg,le,0.2,Reviewed ldv annual charging utilization; 2050 input year; constant over cohort lifetime,T24,5,5,5,5,5,ev-chargers-utilization:composite:2:5befe86a48cff01d,2050,fraction
SK,T_MHDV_CHRG_N,2045,T_elc_mhdv_chrg,le,0.3,Reviewed mhdv annual charging utilization; 2050 input year; constant over cohort lifetime,T24,5,5,5,5,5,ev-chargers-utilization:composite:2:5befe86a48cff01d,2050,fraction
