source_id,year,report,raw_file,cached_zip,VEHICLE_CLASS,AGE,VALUE,NATIVE_COUNT,AGE_DIST
ontario_ministry_transport_vehicle_population,2022,Report 5,2022/2022_Reg_Veh_Report5_Class&Status&Descriptors.TXT,C:\Users\rashi\ESM_databases\canoe-transportation\inputs\cache\ontario_vehicle_population\2022_vehicle_population_data.zip,BUS,0,2022,1511,0.04754413014065007
ontario_ministry_transport_vehicle_population,2022,Report 5,2022/2022_Reg_Veh_Report5_Class&Status&Descriptors.TXT,C:\Users\rashi\ESM_databases\canoe-transportation\inputs\cache\ontario_vehicle_population\2022_vehicle_population_data.zip,BUS,1,2021,1424,0.04480664548000378
ontario_ministry_transport_vehicle_population,2022,Report 5,2022/2022_Reg_Veh_Report5_Class&Status&Descriptors.TXT,C:\Users\rashi\ESM_databases\canoe-transportation\inputs\cache\ontario_vehicle_population\2022_vehicle_population_data.zip,BUS,2,2020,1911,0.06013026651143765
ontario_ministry_transport_vehicle_population,2022,Report 5,2022/2022_Reg_Veh_Report5_Class&Status&Descriptors.TXT,C:\Users\rashi\ESM_databases\canoe-transportation\inputs\cache\ontario_vehicle_population\2022_vehicle_population_data.zip,BUS,3,2019,3161,0.09946194267014884
ontario_ministry_transport_vehicle_population,2022,Report 5,2022/2022_Reg_Veh_Report5_Class&Status&Descriptors.TXT,C:\Users\rashi\ESM_databases\canoe-transportation\inputs\cache\ontario_vehicle_population\2022_vehicle_population_data.zip,BUS,4,2018,2632,0.08281677731978226
ontario_ministry_transport_vehicle_population,2022,Report 5,2022/2022_Reg_Veh_Report5_Class&Status&Descriptors.TXT,C:\Users\rashi\ESM_databases\canoe-transportation\inputs\cache\ontario_vehicle_population\2022_vehicle_population_data.zip,BUS,5,2017,2924,0.0920046568704572
ontario_ministry_transport_vehicle_population,2022,Report 5,2022/2022_Reg_Veh_Report5_Class&Status&Descriptors.TXT,C:\Users\rashi\ESM_databases\canoe-transportation\inputs\cache\ontario_vehicle_population\2022_vehicle_population_data.zip,BUS,6,2016,2380,0.07488751140618609
ontario_ministry_transport_vehicle_population,2022,Report 5,2022/2022_Reg_Veh_Report5_Class&Status&Descriptors.TXT,C:\Users\rashi\ESM_databases\canoe-transportation\inputs\cache\ontario_vehicle_population\2022_vehicle_population_data.zip,BUS,7,2015,1950,0.06135741480758944
ontario_ministry_transport_vehicle_population,2022,Report 5,2022/2022_Reg_Veh_Report5_Class&Status&Descriptors.TXT,C:\Users\rashi\ESM_databases\canoe-transportation\inputs\cache\ontario_vehicle_population\2022_vehicle_population_data.zip,BUS,8,2014,2062,0.06488153299140996
ontario_ministry_transport_vehicle_population,2022,Report 5,2022/2022_Reg_Veh_Report5_Class&Status&Descriptors.TXT,C:\Users\rashi\ESM_databases\canoe-transportation\inputs\cache\ontario_vehicle_population\2022_vehicle_population_data.zip,BUS,9,2013,2466,0.07759353072590541
ontario_ministry_transport_vehicle_population,2022,Report 5,2022/2022_Reg_Veh_Report5_Class&Status&Descriptors.TXT,C:\Users\rashi\ESM_databases\canoe-transportation\inputs\cache\ontario_vehicle_population\2022_vehicle_population_data.zip,BUS,10,2012,2144,0.06746169094742141
ontario_ministry_transport_vehicle_population,2022,Report 5,2022/2022_Reg_Veh_Report5_Class&Status&Descriptors.TXT,C:\Users\rashi\ESM_databases\canoe-transportation\inputs\cache\ontario_vehicle_population\2022_vehicle_population_data.zip,BUS,11,2011,1684,0.0529876341210157
ontario_ministry_transport_vehicle_population,2022,Report 5,2022/2022_Reg_Veh_Report5_Class&Status&Descriptors.TXT,C:\Users\rashi\ESM_databases\canoe-transportation\inputs\cache\ontario_vehicle_population\2022_vehicle_population_data.zip,BUS,12,2010,1703,0.05358547559862811
ontario_ministry_transport_vehicle_population,2022,Report 5,2022/2022_Reg_Veh_Report5_Class&Status&Descriptors.TXT,C:\Users\rashi\ESM_databases\canoe-transportation\inputs\cache\ontario_vehicle_population\2022_vehicle_population_data.zip,BUS,13,2009,1068,0.03360498411000283
ontario_ministry_transport_vehicle_population,2022,Report 5,2022/2022_Reg_Veh_Report5_Class&Status&Descriptors.TXT,C:\Users\rashi\ESM_databases\canoe-transportation\inputs\cache\ontario_vehicle_population\2022_vehicle_population_data.zip,BUS,14,2008,739,0.02325288694503005
ontario_ministry_transport_vehicle_population,2022,Report 5,2022/2022_Reg_Veh_Report5_Class&Status&Descriptors.TXT,C:\Users\rashi\ESM_databases\canoe-transportation\inputs\cache\ontario_vehicle_population\2022_vehicle_population_data.zip,BUS,15,2007,696,0.021899877285170385
ontario_ministry_transport_vehicle_population,2022,Report 5,2022/2022_Reg_Veh_Report5_Class&Status&Descriptors.TXT,C:\Users\rashi\ESM_databases\canoe-transportation\inputs\cache\ontario_vehicle_population\2022_vehicle_population_data.zip,BUS,16,2006,565,0.017777917623737455
ontario_ministry_transport_vehicle_population,2022,Report 5,2022/2022_Reg_Veh_Report5_Class&Status&Descriptors.TXT,C:\Users\rashi\ESM_databases\canoe-transportation\inputs\cache\ontario_vehicle_population\2022_vehicle_population_data.zip,BUS,17,2005,314,0.009880117051068248
ontario_ministry_transport_vehicle_population,2022,Report 5,2022/2022_Reg_Veh_Report5_Class&Status&Descriptors.TXT,C:\Users\rashi\ESM_databases\canoe-transportation\inputs\cache\ontario_vehicle_population\2022_vehicle_population_data.zip,BUS,18,2004,153,0.004814197161826249
ontario_ministry_transport_vehicle_population,2022,Report 5,2022/2022_Reg_Veh_Report5_Class&Status&Descriptors.TXT,C:\Users\rashi\ESM_databases\canoe-transportation\inputs\cache\ontario_vehicle_population\2022_vehicle_population_data.zip,BUS,19,2003,109,0.003429722161039615
ontario_ministry_transport_vehicle_population,2022,Report 5,2022/2022_Reg_Veh_Report5_Class&Status&Descriptors.TXT,C:\Users\rashi\ESM_databases\canoe-transportation\inputs\cache\ontario_vehicle_population\2022_vehicle_population_data.zip,BUS,20,2002,26,0.0008180988641011926
ontario_ministry_transport_vehicle_population,2022,Report 5,2022/2022_Reg_Veh_Report5_Class&Status&Descriptors.TXT,C:\Users\rashi\ESM_databases\canoe-transportation\inputs\cache\ontario_vehicle_population\2022_vehicle_population_data.zip,BUS,21,2001,35,0.001101286932443913
ontario_ministry_transport_vehicle_population,2022,Report 5,2022/2022_Reg_Veh_Report5_Class&Status&Descriptors.TXT,C:\Users\rashi\ESM_databases\canoe-transportation\inputs\cache\ontario_vehicle_population\2022_vehicle_population_data.zip,BUS,22,2000,51,0.0016047323872754162
ontario_ministry_transport_vehicle_population,2022,Report 5,2022/2022_Reg_Veh_Report5_Class&Status&Descriptors.TXT,C:\Users\rashi\ESM_databases\canoe-transportation\inputs\cache\ontario_vehicle_population\2022_vehicle_population_data.zip,BUS,23,1999,34,0.001069821591516944
ontario_ministry_transport_vehicle_population,2022,Report 5,2022/2022_Reg_Veh_Report5_Class&Status&Descriptors.TXT,C:\Users\rashi\ESM_databases\canoe-transportation\inputs\cache\ontario_vehicle_population\2022_vehicle_population_data.zip,BUS,24,1998,22,0.0006922375003933168
ontario_ministry_transport_vehicle_population,2022,Report 5,2022/2022_Reg_Veh_Report5_Class&Status&Descriptors.TXT,C:\Users\rashi\ESM_databases\canoe-transportation\inputs\cache\ontario_vehicle_population\2022_vehicle_population_data.zip,BUS,25,1997,9,0.0002831880683427205
ontario_ministry_transport_vehicle_population,2022,Report 5,2022/2022_Reg_Veh_Report5_Class&Status&Descriptors.TXT,C:\Users\rashi\ESM_databases\canoe-transportation\inputs\cache\ontario_vehicle_population\2022_vehicle_population_data.zip,BUS,26,1996,6,0.00018879204556181367
ontario_ministry_transport_vehicle_population,2022,Report 5,2022/2022_Reg_Veh_Report5_Class&Status&Descriptors.TXT,C:\Users\rashi\ESM_databases\canoe-transportation\inputs\cache\ontario_vehicle_population\2022_vehicle_population_data.zip,BUS,27,1995,2,6.293068185393789e-05
ontario_ministry_transport_vehicle_population,2022,Report 5,2022/2022_Reg_Veh_Report5_Class&Status&Descriptors.TXT,C:\Users\rashi\ESM_databases\canoe-transportation\inputs\cache\ontario_vehicle_population\2022_vehicle_population_data.zip,BUS,28,1994,0,0.0
ontario_ministry_transport_vehicle_population,2022,Report 5,2022/2022_Reg_Veh_Report5_Class&Status&Descriptors.TXT,C:\Users\rashi\ESM_databases\canoe-transportation\inputs\cache\ontario_vehicle_population\2022_vehicle_population_data.zip,BUS,29,1993,0,0.0
ontario_ministry_transport_vehicle_population,2022,Report 5,2022/2022_Reg_Veh_Report5_Class&Status&Descriptors.TXT,C:\Users\rashi\ESM_databases\canoe-transportation\inputs\cache\ontario_vehicle_population\2022_vehicle_population_data.zip,BUS,30,1992,0,0.0
ontario_ministry_transport_vehicle_population,2022,Report 5,2022/2022_Reg_Veh_Report5_Class&Status&Descriptors.TXT,C:\Users\rashi\ESM_databases\canoe-transportation\inputs\cache\ontario_vehicle_population\2022_vehicle_population_data.zip,COMMERCIAL,0,2022,137532,0.08443021026518423
ontario_ministry_transport_vehicle_population,2022,Report 5,2022/2022_Reg_Veh_Report5_Class&Status&Descriptors.TXT,C:\Users\rashi\ESM_databases\canoe-transportation\inputs\cache\ontario_vehicle_population\2022_vehicle_population_data.zip,COMMERCIAL,1,2021,119084,0.07310507488598435
ontario_ministry_transport_vehicle_population,2022,Report 5,2022/2022_Reg_Veh_Report5_Class&Status&Descriptors.TXT,C:\Users\rashi\ESM_databases\canoe-transportation\inputs\cache\ontario_vehicle_population\2022_vehicle_population_data.zip,COMMERCIAL,2,2020,108736,0.06675248919084338
ontario_ministry_transport_vehicle_population,2022,Report 5,2022/2022_Reg_Veh_Report5_Class&Status&Descriptors.TXT,C:\Users\rashi\ESM_databases\canoe-transportation\inputs\cache\ontario_vehicle_population\2022_vehicle_population_data.zip,COMMERCIAL,3,2019,142510,0.08748617968830094
ontario_ministry_transport_vehicle_population,2022,Report 5,2022/2022_Reg_Veh_Report5_Class&Status&Descriptors.TXT,C:\Users\rashi\ESM_databases\canoe-transportation\inputs\cache\ontario_vehicle_population\2022_vehicle_population_data.zip,COMMERCIAL,4,2018,124810,0.0766202377860981
ontario_ministry_transport_vehicle_population,2022,Report 5,2022/2022_Reg_Veh_Report5_Class&Status&Descriptors.TXT,C:\Users\rashi\ESM_databases\canoe-transportation\inputs\cache\ontario_vehicle_population\2022_vehicle_population_data.zip,COMMERCIAL,5,2017,118853,0.07296326513573526
ontario_ministry_transport_vehicle_population,2022,Report 5,2022/2022_Reg_Veh_Report5_Class&Status&Descriptors.TXT,C:\Users\rashi\ESM_databases\canoe-transportation\inputs\cache\ontario_vehicle_population\2022_vehicle_population_data.zip,COMMERCIAL,6,2016,101993,0.06261299505262001
ontario_ministry_transport_vehicle_population,2022,Report 5,2022/2022_Reg_Veh_Report5_Class&Status&Descriptors.TXT,C:\Users\rashi\ESM_databases\canoe-transportation\inputs\cache\ontario_vehicle_population\2022_vehicle_population_data.zip,COMMERCIAL,7,2015,81733,0.05017548189224546
ontario_ministry_transport_vehicle_population,2022,Report 5,2022/2022_Reg_Veh_Report5_Class&Status&Descriptors.TXT,C:\Users\rashi\ESM_databases\canoe-transportation\inputs\cache\ontario_vehicle_population\2022_vehicle_population_data.zip,COMMERCIAL,8,2014,72720,0.04464244605244014
ontario_ministry_transport_vehicle_population,2022,Report 5,2022/2022_Reg_Veh_Report5_Class&Status&Descriptors.TXT,C:\Users\rashi\ESM_databases\canoe-transportation\inputs\cache\ontario_vehicle_population\2022_vehicle_population_data.zip,COMMERCIAL,9,2013,61315,0.037640973318280625
ontario_ministry_transport_vehicle_population,2022,Report 5,2022/2022_Reg_Veh_Report5_Class&Status&Descriptors.TXT,C:\Users\rashi\ESM_databases\canoe-transportation\inputs\cache\ontario_vehicle_population\2022_vehicle_population_data.zip,COMMERCIAL,10,2012,59785,0.036701713933513944
ontario_ministry_transport_vehicle_population,2022,Report 5,2022/2022_Reg_Veh_Report5_Class&Status&Descriptors.TXT,C:\Users\rashi\ESM_databases\canoe-transportation\inputs\cache\ontario_vehicle_population\2022_vehicle_population_data.zip,COMMERCIAL,11,2011,69164,0.042459435351636
ontario_ministry_transport_vehicle_population,2022,Report 5,2022/2022_Reg_Veh_Report5_Class&Status&Descriptors.TXT,C:\Users\rashi\ESM_databases\canoe-transportation\inputs\cache\ontario_vehicle_population\2022_vehicle_population_data.zip,COMMERCIAL,12,2010,62927,0.03863057209491062
ontario_ministry_transport_vehicle_population,2022,Report 5,2022/2022_Reg_Veh_Report5_Class&Status&Descriptors.TXT,C:\Users\rashi\ESM_databases\canoe-transportation\inputs\cache\ontario_vehicle_population\2022_vehicle_population_data.zip,COMMERCIAL,13,2009,44428,0.027274128069551852
ontario_ministry_transport_vehicle_population,2022,Report 5,2022/2022_Reg_Veh_Report5_Class&Status&Descriptors.TXT,C:\Users\rashi\ESM_databases\canoe-transportation\inputs\cache\ontario_vehicle_population\2022_vehicle_population_data.zip,COMMERCIAL,14,2008,52251,0.03207662883231641
ontario_ministry_transport_vehicle_population,2022,Report 5,2022/2022_Reg_Veh_Report5_Class&Status&Descriptors.TXT,C:\Users\rashi\ESM_databases\canoe-transportation\inputs\cache\ontario_vehicle_population\2022_vehicle_population_data.zip,COMMERCIAL,15,2007,51299,0.03149220077068381
ontario_ministry_transport_vehicle_population,2022,Report 5,2022/2022_Reg_Veh_Report5_Class&Status&Descriptors.TXT,C:\Users\rashi\ESM_databases\canoe-transportation\inputs\cache\ontario_vehicle_population\2022_vehicle_population_data.zip,COMMERCIAL,16,2006,41165,0.025270988610405644
ontario_ministry_transport_vehicle_population,2022,Report 5,2022/2022_Reg_Veh_Report5_Class&Status&Descriptors.TXT,C:\Users\rashi\ESM_databases\canoe-transportation\inputs\cache\ontario_vehicle_population\2022_vehicle_population_data.zip,COMMERCIAL,17,2005,34828,0.02138073585140794
ontario_ministry_transport_vehicle_population,2022,Report 5,2022/2022_Reg_Veh_Report5_Class&Status&Descriptors.TXT,C:\Users\rashi\ESM_databases\canoe-transportation\inputs\cache\ontario_vehicle_population\2022_vehicle_population_data.zip,COMMERCIAL,18,2004,28602,0.017558625439932522
ontario_ministry_transport_vehicle_population,2022,Report 5,2022/2022_Reg_Veh_Report5_Class&Status&Descriptors.TXT,C:\Users\rashi\ESM_databases\canoe-transportation\inputs\cache\ontario_vehicle_population\2022_vehicle_population_data.zip,COMMERCIAL,19,2003,25825,0.01585383896182985
ontario_ministry_transport_vehicle_population,2022,Report 5,2022/2022_Reg_Veh_Report5_Class&Status&Descriptors.TXT,C:\Users\rashi\ESM_databases\canoe-transportation\inputs\cache\ontario_vehicle_population\2022_vehicle_population_data.zip,COMMERCIAL,20,2002,17313,0.010628364528408913
ontario_ministry_transport_vehicle_population,2022,Report 5,2022/2022_Reg_Veh_Report5_Class&Status&Descriptors.TXT,C:\Users\rashi\ESM_databases\canoe-transportation\inputs\cache\ontario_vehicle_population\2022_vehicle_population_data.zip,COMMERCIAL,21,2001,13701,0.008410975706332266
ontario_ministry_transport_vehicle_population,2022,Report 5,2022/2022_Reg_Veh_Report5_Class&Status&Descriptors.TXT,C:\Users\rashi\ESM_databases\canoe-transportation\inputs\cache\ontario_vehicle_population\2022_vehicle_population_data.zip,COMMERCIAL,22,2000,12721,0.007809358584063408
ontario_ministry_transport_vehicle_population,2022,Report 5,2022/2022_Reg_Veh_Report5_Class&Status&Descriptors.TXT,C:\Users\rashi\ESM_databases\canoe-transportation\inputs\cache\ontario_vehicle_population\2022_vehicle_population_data.zip,COMMERCIAL,23,1999,9952,0.006109483266142523
ontario_ministry_transport_vehicle_population,2022,Report 5,2022/2022_Reg_Veh_Report5_Class&Status&Descriptors.TXT,C:\Users\rashi\ESM_databases\canoe-transportation\inputs\cache\ontario_vehicle_population\2022_vehicle_population_data.zip,COMMERCIAL,24,1998,9384,0.005760790893235675
ontario_ministry_transport_vehicle_population,2022,Report 5,2022/2022_Reg_Veh_Report5_Class&Status&Descriptors.TXT,C:\Users\rashi\ESM_databases\canoe-transportation\inputs\cache\ontario_vehicle_population\2022_vehicle_population_data.zip,COMMERCIAL,25,1997,6643,0.0040781046359510435
ontario_ministry_transport_vehicle_population,2022,Report 5,2022/2022_Reg_Veh_Report5_Class&Status&Descriptors.TXT,C:\Users\rashi\ESM_databases\canoe-transportation\inputs\cache\ontario_vehicle_population\2022_vehicle_population_data.zip,COMMERCIAL,26,1996,5109,0.0031363896710934636
ontario_ministry_transport_vehicle_population,2022,Report 5,2022/2022_Reg_Veh_Report5_Class&Status&Descriptors.TXT,C:\Users\rashi\ESM_databases\canoe-transportation\inputs\cache\ontario_vehicle_population\2022_vehicle_population_data.zip,COMMERCIAL,27,1995,5545,0.003404047901000833
ontario_ministry_transport_vehicle_population,2022,Report 5,2022/2022_Reg_Veh_Report5_Class&Status&Descriptors.TXT,C:\Users\rashi\ESM_databases\canoe-transportation\inputs\cache\ontario_vehicle_population\2022_vehicle_population_data.zip,COMMERCIAL,28,1994,3797,0.002330959401280462
ontario_ministry_transport_vehicle_population,2022,Report 5,2022/2022_Reg_Veh_Report5_Class&Status&Descriptors.TXT,C:\Users\rashi\ESM_databases\canoe-transportation\inputs\cache\ontario_vehicle_population\2022_vehicle_population_data.zip,COMMERCIAL,29,1993,2823,0.0017330256491479444
ontario_ministry_transport_vehicle_population,2022,Report 5,2022/2022_Reg_Veh_Report5_Class&Status&Descriptors.TXT,C:\Users\rashi\ESM_databases\canoe-transportation\inputs\cache\ontario_vehicle_population\2022_vehicle_population_data.zip,COMMERCIAL,30,1992,2395,0.0014702785794223616
ontario_ministry_transport_vehicle_population,2022,Report 5,2022/2022_Reg_Veh_Report5_Class&Status&Descriptors.TXT,C:\Users\rashi\ESM_databases\canoe-transportation\inputs\cache\ontario_vehicle_population\2022_vehicle_population_data.zip,MOTORCYCLE,0,2022,8921,0.042972889651053
ontario_ministry_transport_vehicle_population,2022,Report 5,2022/2022_Reg_Veh_Report5_Class&Status&Descriptors.TXT,C:\Users\rashi\ESM_databases\canoe-transportation\inputs\cache\ontario_vehicle_population\2022_vehicle_population_data.zip,MOTORCYCLE,1,2021,6939,0.033425499527929246
ontario_ministry_transport_vehicle_population,2022,Report 5,2022/2022_Reg_Veh_Report5_Class&Status&Descriptors.TXT,C:\Users\rashi\ESM_databases\canoe-transportation\inputs\cache\ontario_vehicle_population\2022_vehicle_population_data.zip,MOTORCYCLE,2,2020,6767,0.03259696718626563
ontario_ministry_transport_vehicle_population,2022,Report 5,2022/2022_Reg_Veh_Report5_Class&Status&Descriptors.TXT,C:\Users\rashi\ESM_databases\canoe-transportation\inputs\cache\ontario_vehicle_population\2022_vehicle_population_data.zip,MOTORCYCLE,3,2019,8237,0.03967802847839072
ontario_ministry_transport_vehicle_population,2022,Report 5,2022/2022_Reg_Veh_Report5_Class&Status&Descriptors.TXT,C:\Users\rashi\ESM_databases\canoe-transportation\inputs\cache\ontario_vehicle_population\2022_vehicle_population_data.zip,MOTORCYCLE,4,2018,8785,0.04231777105531898
ontario_ministry_transport_vehicle_population,2022,Report 5,2022/2022_Reg_Veh_Report5_Class&Status&Descriptors.TXT,C:\Users\rashi\ESM_databases\canoe-transportation\inputs\cache\ontario_vehicle_population\2022_vehicle_population_data.zip,MOTORCYCLE,5,2017,8256,0.03976955239985356
ontario_ministry_transport_vehicle_population,2022,Report 5,2022/2022_Reg_Veh_Report5_Class&Status&Descriptors.TXT,C:\Users\rashi\ESM_databases\canoe-transportation\inputs\cache\ontario_vehicle_population\2022_vehicle_population_data.zip,MOTORCYCLE,6,2016,8112,0.03907589741613519
ontario_ministry_transport_vehicle_population,2022,Report 5,2022/2022_Reg_Veh_Report5_Class&Status&Descriptors.TXT,C:\Users\rashi\ESM_databases\canoe-transportation\inputs\cache\ontario_vehicle_population\2022_vehicle_population_data.zip,MOTORCYCLE,7,2015,8314,0.04004894121274013
ontario_ministry_transport_vehicle_population,2022,Report 5,2022/2022_Reg_Veh_Report5_Class&Status&Descriptors.TXT,C:\Users\rashi\ESM_databases\canoe-transportation\inputs\cache\ontario_vehicle_population\2022_vehicle_population_data.zip,MOTORCYCLE,8,2014,8427,0.04059326769301913
ontario_ministry_transport_vehicle_population,2022,Report 5,2022/2022_Reg_Veh_Report5_Class&Status&Descriptors.TXT,C:\Users\rashi\ESM_databases\canoe-transportation\inputs\cache\ontario_vehicle_population\2022_vehicle_population_data.zip,MOTORCYCLE,9,2013,8166,0.03933601803502958
ontario_ministry_transport_vehicle_population,2022,Report 5,2022/2022_Reg_Veh_Report5_Class&Status&Descriptors.TXT,C:\Users\rashi\ESM_databases\canoe-transportation\inputs\cache\ontario_vehicle_population\2022_vehicle_population_data.zip,MOTORCYCLE,10,2012,7610,0.036657739070116956
ontario_ministry_transport_vehicle_population,2022,Report 5,2022/2022_Reg_Veh_Report5_Class&Status&Descriptors.TXT,C:\Users\rashi\ESM_databases\canoe-transportation\inputs\cache\ontario_vehicle_population\2022_vehicle_population_data.zip,MOTORCYCLE,11,2011,6768,0.032601784234763675
ontario_ministry_transport_vehicle_population,2022,Report 5,2022/2022_Reg_Veh_Report5_Class&Status&Descriptors.TXT,C:\Users\rashi\ESM_databases\canoe-transportation\inputs\cache\ontario_vehicle_population\2022_vehicle_population_data.zip,MOTORCYCLE,12,2010,6414,0.030896549066456003
ontario_ministry_transport_vehicle_population,2022,Report 5,2022/2022_Reg_Veh_Report5_Class&Status&Descriptors.TXT,C:\Users\rashi\ESM_databases\canoe-transportation\inputs\cache\ontario_vehicle_population\2022_vehicle_population_data.zip,MOTORCYCLE,13,2009,11956,0.05759263184261739
ontario_ministry_transport_vehicle_population,2022,Report 5,2022/2022_Reg_Veh_Report5_Class&Status&Descriptors.TXT,C:\Users\rashi\ESM_databases\canoe-transportation\inputs\cache\ontario_vehicle_population\2022_vehicle_population_data.zip,MOTORCYCLE,14,2008,12267,0.05909073392550916
ontario_ministry_transport_vehicle_population,2022,Report 5,2022/2022_Reg_Veh_Report5_Class&Status&Descriptors.TXT,C:\Users\rashi\ESM_databases\canoe-transportation\inputs\cache\ontario_vehicle_population\2022_vehicle_population_data.zip,MOTORCYCLE,15,2007,11928,0.05745775448467215
ontario_ministry_transport_vehicle_population,2022,Report 5,2022/2022_Reg_Veh_Report5_Class&Status&Descriptors.TXT,C:\Users\rashi\ESM_databases\canoe-transportation\inputs\cache\ontario_vehicle_population\2022_vehicle_population_data.zip,MOTORCYCLE,16,2006,11003,0.053001984623981195
ontario_ministry_transport_vehicle_population,2022,Report 5,2022/2022_Reg_Veh_Report5_Class&Status&Descriptors.TXT,C:\Users\rashi\ESM_databases\canoe-transportation\inputs\cache\ontario_vehicle_population\2022_vehicle_population_data.zip,MOTORCYCLE,17,2005,9242,0.04451916221892522
ontario_ministry_transport_vehicle_population,2022,Report 5,2022/2022_Reg_Veh_Report5_Class&Status&Descriptors.TXT,C:\Users\rashi\ESM_databases\canoe-transportation\inputs\cache\ontario_vehicle_population\2022_vehicle_population_data.zip,MOTORCYCLE,18,2004,8129,0.03915778724060194
ontario_ministry_transport_vehicle_population,2022,Report 5,2022/2022_Reg_Veh_Report5_Class&Status&Descriptors.TXT,C:\Users\rashi\ESM_databases\canoe-transportation\inputs\cache\ontario_vehicle_population\2022_vehicle_population_data.zip,MOTORCYCLE,19,2003,9265,0.04462995433438024
ontario_ministry_transport_vehicle_population,2022,Report 5,2022/2022_Reg_Veh_Report5_Class&Status&Descriptors.TXT,C:\Users\rashi\ESM_databases\canoe-transportation\inputs\cache\ontario_vehicle_population\2022_vehicle_population_data.zip,MOTORCYCLE,20,2002,6747,0.03250062621630474
ontario_ministry_transport_vehicle_population,2022,Report 5,2022/2022_Reg_Veh_Report5_Class&Status&Descriptors.TXT,C:\Users\rashi\ESM_databases\canoe-transportation\inputs\cache\ontario_vehicle_population\2022_vehicle_population_data.zip,MOTORCYCLE,21,2001,6094,0.029355093547081833
ontario_ministry_transport_vehicle_population,2022,Report 5,2022/2022_Reg_Veh_Report5_Class&Status&Descriptors.TXT,C:\Users\rashi\ESM_databases\canoe-transportation\inputs\cache\ontario_vehicle_population\2022_vehicle_population_data.zip,MOTORCYCLE,22,2000,5455,0.026276999556831538
ontario_ministry_transport_vehicle_population,2022,Report 5,2022/2022_Reg_Veh_Report5_Class&Status&Descriptors.TXT,C:\Users\rashi\ESM_databases\canoe-transportation\inputs\cache\ontario_vehicle_population\2022_vehicle_population_data.zip,MOTORCYCLE,23,1999,3689,0.017770091909285343
ontario_ministry_transport_vehicle_population,2022,Report 5,2022/2022_Reg_Veh_Report5_Class&Status&Descriptors.TXT,C:\Users\rashi\ESM_databases\canoe-transportation\inputs\cache\ontario_vehicle_population\2022_vehicle_population_data.zip,MOTORCYCLE,24,1998,2561,0.012336461203491397
ontario_ministry_transport_vehicle_population,2022,Report 5,2022/2022_Reg_Veh_Report5_Class&Status&Descriptors.TXT,C:\Users\rashi\ESM_databases\canoe-transportation\inputs\cache\ontario_vehicle_population\2022_vehicle_population_data.zip,MOTORCYCLE,25,1997,1988,0.009576292414112026
ontario_ministry_transport_vehicle_population,2022,Report 5,2022/2022_Reg_Veh_Report5_Class&Status&Descriptors.TXT,C:\Users\rashi\ESM_databases\canoe-transportation\inputs\cache\ontario_vehicle_population\2022_vehicle_population_data.zip,MOTORCYCLE,26,1996,1502,0.007235206844062506
ontario_ministry_transport_vehicle_population,2022,Report 5,2022/2022_Reg_Veh_Report5_Class&Status&Descriptors.TXT,C:\Users\rashi\ESM_databases\canoe-transportation\inputs\cache\ontario_vehicle_population\2022_vehicle_population_data.zip,MOTORCYCLE,27,1995,1223,0.005891250313108152
ontario_ministry_transport_vehicle_population,2022,Report 5,2022/2022_Reg_Veh_Report5_Class&Status&Descriptors.TXT,C:\Users\rashi\ESM_databases\canoe-transportation\inputs\cache\ontario_vehicle_population\2022_vehicle_population_data.zip,MOTORCYCLE,28,1994,988,0.004759243916067747
ontario_ministry_transport_vehicle_population,2022,Report 5,2022/2022_Reg_Veh_Report5_Class&Status&Descriptors.TXT,C:\Users\rashi\ESM_databases\canoe-transportation\inputs\cache\ontario_vehicle_population\2022_vehicle_population_data.zip,MOTORCYCLE,29,1993,1025,0.0049374747104953855
ontario_ministry_transport_vehicle_population,2022,Report 5,2022/2022_Reg_Veh_Report5_Class&Status&Descriptors.TXT,C:\Users\rashi\ESM_databases\canoe-transportation\inputs\cache\ontario_vehicle_population\2022_vehicle_population_data.zip,MOTORCYCLE,30,1992,818,0.00394034567140022
ontario_ministry_transport_vehicle_population,2022,Report 5,2022/2022_Reg_Veh_Report5_Class&Status&Descriptors.TXT,C:\Users\rashi\ESM_databases\canoe-transportation\inputs\cache\ontario_vehicle_population\2022_vehicle_population_data.zip,PASSENGER,0,2022,427461,0.05996235283159646
ontario_ministry_transport_vehicle_population,2022,Report 5,2022/2022_Reg_Veh_Report5_Class&Status&Descriptors.TXT,C:\Users\rashi\ESM_databases\canoe-transportation\inputs\cache\ontario_vehicle_population\2022_vehicle_population_data.zip,PASSENGER,1,2021,411487,0.057721590226044325
ontario_ministry_transport_vehicle_population,2022,Report 5,2022/2022_Reg_Veh_Report5_Class&Status&Descriptors.TXT,C:\Users\rashi\ESM_databases\canoe-transportation\inputs\cache\ontario_vehicle_population\2022_vehicle_population_data.zip,PASSENGER,2,2020,424837,0.05959426962908183
ontario_ministry_transport_vehicle_population,2022,Report 5,2022/2022_Reg_Veh_Report5_Class&Status&Descriptors.TXT,C:\Users\rashi\ESM_databases\canoe-transportation\inputs\cache\ontario_vehicle_population\2022_vehicle_population_data.zip,PASSENGER,3,2019,525583,0.07372647630611673
ontario_ministry_transport_vehicle_population,2022,Report 5,2022/2022_Reg_Veh_Report5_Class&Status&Descriptors.TXT,C:\Users\rashi\ESM_databases\canoe-transportation\inputs\cache\ontario_vehicle_population\2022_vehicle_population_data.zip,PASSENGER,4,2018,548877,0.07699405638209841
ontario_ministry_transport_vehicle_population,2022,Report 5,2022/2022_Reg_Veh_Report5_Class&Status&Descriptors.TXT,C:\Users\rashi\ESM_databases\canoe-transportation\inputs\cache\ontario_vehicle_population\2022_vehicle_population_data.zip,PASSENGER,5,2017,551554,0.07736957419198091
ontario_ministry_transport_vehicle_population,2022,Report 5,2022/2022_Reg_Veh_Report5_Class&Status&Descriptors.TXT,C:\Users\rashi\ESM_databases\canoe-transportation\inputs\cache\ontario_vehicle_population\2022_vehicle_population_data.zip,PASSENGER,6,2016,498323,0.06990256315804166
ontario_ministry_transport_vehicle_population,2022,Report 5,2022/2022_Reg_Veh_Report5_Class&Status&Descriptors.TXT,C:\Users\rashi\ESM_databases\canoe-transportation\inputs\cache\ontario_vehicle_population\2022_vehicle_population_data.zip,PASSENGER,7,2015,501268,0.07031567483159562
ontario_ministry_transport_vehicle_population,2022,Report 5,2022/2022_Reg_Veh_Report5_Class&Status&Descriptors.TXT,C:\Users\rashi\ESM_databases\canoe-transportation\inputs\cache\ontario_vehicle_population\2022_vehicle_population_data.zip,PASSENGER,8,2014,434932,0.061010351919243894
ontario_ministry_transport_vehicle_population,2022,Report 5,2022/2022_Reg_Veh_Report5_Class&Status&Descriptors.TXT,C:\Users\rashi\ESM_databases\canoe-transportation\inputs\cache\ontario_vehicle_population\2022_vehicle_population_data.zip,PASSENGER,9,2013,428197,0.06006559568108228
ontario_ministry_transport_vehicle_population,2022,Report 5,2022/2022_Reg_Veh_Report5_Class&Status&Descriptors.TXT,C:\Users\rashi\ESM_databases\canoe-transportation\inputs\cache\ontario_vehicle_population\2022_vehicle_population_data.zip,PASSENGER,10,2012,376900,0.052869877678264704
ontario_ministry_transport_vehicle_population,2022,Report 5,2022/2022_Reg_Veh_Report5_Class&Status&Descriptors.TXT,C:\Users\rashi\ESM_databases\canoe-transportation\inputs\cache\ontario_vehicle_population\2022_vehicle_population_data.zip,PASSENGER,11,2011,326471,0.04579591890554724
ontario_ministry_transport_vehicle_population,2022,Report 5,2022/2022_Reg_Veh_Report5_Class&Status&Descriptors.TXT,C:\Users\rashi\ESM_databases\canoe-transportation\inputs\cache\ontario_vehicle_population\2022_vehicle_population_data.zip,PASSENGER,12,2010,346899,0.0486614690812214
ontario_ministry_transport_vehicle_population,2022,Report 5,2022/2022_Reg_Veh_Report5_Class&Status&Descriptors.TXT,C:\Users\rashi\ESM_databases\canoe-transportation\inputs\cache\ontario_vehicle_population\2022_vehicle_population_data.zip,PASSENGER,13,2009,257079,0.036061913726852246
ontario_ministry_transport_vehicle_population,2022,Report 5,2022/2022_Reg_Veh_Report5_Class&Status&Descriptors.TXT,C:\Users\rashi\ESM_databases\canoe-transportation\inputs\cache\ontario_vehicle_population\2022_vehicle_population_data.zip,PASSENGER,14,2008,245703,0.03446613837936501
ontario_ministry_transport_vehicle_population,2022,Report 5,2022/2022_Reg_Veh_Report5_Class&Status&Descriptors.TXT,C:\Users\rashi\ESM_databases\canoe-transportation\inputs\cache\ontario_vehicle_population\2022_vehicle_population_data.zip,PASSENGER,15,2007,210088,0.02947022250377096
ontario_ministry_transport_vehicle_population,2022,Report 5,2022/2022_Reg_Veh_Report5_Class&Status&Descriptors.TXT,C:\Users\rashi\ESM_databases\canoe-transportation\inputs\cache\ontario_vehicle_population\2022_vehicle_population_data.zip,PASSENGER,16,2006,159529,0.022378027901660626
ontario_ministry_transport_vehicle_population,2022,Report 5,2022/2022_Reg_Veh_Report5_Class&Status&Descriptors.TXT,C:\Users\rashi\ESM_databases\canoe-transportation\inputs\cache\ontario_vehicle_population\2022_vehicle_population_data.zip,PASSENGER,17,2005,121558,0.017051622687223402
ontario_ministry_transport_vehicle_population,2022,Report 5,2022/2022_Reg_Veh_Report5_Class&Status&Descriptors.TXT,C:\Users\rashi\ESM_databases\canoe-transportation\inputs\cache\ontario_vehicle_population\2022_vehicle_population_data.zip,PASSENGER,18,2004,82692,0.011599670801196775
ontario_ministry_transport_vehicle_population,2022,Report 5,2022/2022_Reg_Veh_Report5_Class&Status&Descriptors.TXT,C:\Users\rashi\ESM_databases\canoe-transportation\inputs\cache\ontario_vehicle_population\2022_vehicle_population_data.zip,PASSENGER,19,2003,70861,0.009940070050834478
ontario_ministry_transport_vehicle_population,2022,Report 5,2022/2022_Reg_Veh_Report5_Class&Status&Descriptors.TXT,C:\Users\rashi\ESM_databases\canoe-transportation\inputs\cache\ontario_vehicle_population\2022_vehicle_population_data.zip,PASSENGER,20,2002,48171,0.0067572164437243
ontario_ministry_transport_vehicle_population,2022,Report 5,2022/2022_Reg_Veh_Report5_Class&Status&Descriptors.TXT,C:\Users\rashi\ESM_databases\canoe-transportation\inputs\cache\ontario_vehicle_population\2022_vehicle_population_data.zip,PASSENGER,21,2001,31239,0.00438206980310775
ontario_ministry_transport_vehicle_population,2022,Report 5,2022/2022_Reg_Veh_Report5_Class&Status&Descriptors.TXT,C:\Users\rashi\ESM_databases\canoe-transportation\inputs\cache\ontario_vehicle_population\2022_vehicle_population_data.zip,PASSENGER,22,2000,27562,0.0038662763825108295
ontario_ministry_transport_vehicle_population,2022,Report 5,2022/2022_Reg_Veh_Report5_Class&Status&Descriptors.TXT,C:\Users\rashi\ESM_databases\canoe-transportation\inputs\cache\ontario_vehicle_population\2022_vehicle_population_data.zip,PASSENGER,23,1999,19010,0.002666639359681114
ontario_ministry_transport_vehicle_population,2022,Report 5,2022/2022_Reg_Veh_Report5_Class&Status&Descriptors.TXT,C:\Users\rashi\ESM_databases\canoe-transportation\inputs\cache\ontario_vehicle_population\2022_vehicle_population_data.zip,PASSENGER,24,1998,13358,0.0018738016079232155
ontario_ministry_transport_vehicle_population,2022,Report 5,2022/2022_Reg_Veh_Report5_Class&Status&Descriptors.TXT,C:\Users\rashi\ESM_databases\canoe-transportation\inputs\cache\ontario_vehicle_population\2022_vehicle_population_data.zip,PASSENGER,25,1997,10716,0.0015031934444157192
ontario_ministry_transport_vehicle_population,2022,Report 5,2022/2022_Reg_Veh_Report5_Class&Status&Descriptors.TXT,C:\Users\rashi\ESM_databases\canoe-transportation\inputs\cache\ontario_vehicle_population\2022_vehicle_population_data.zip,PASSENGER,26,1996,6380,0.0008949583963579963
ontario_ministry_transport_vehicle_population,2022,Report 5,2022/2022_Reg_Veh_Report5_Class&Status&Descriptors.TXT,C:\Users\rashi\ESM_databases\canoe-transportation\inputs\cache\ontario_vehicle_population\2022_vehicle_population_data.zip,PASSENGER,27,1995,7243,0.0010160162484045402
ontario_ministry_transport_vehicle_population,2022,Report 5,2022/2022_Reg_Veh_Report5_Class&Status&Descriptors.TXT,C:\Users\rashi\ESM_databases\canoe-transportation\inputs\cache\ontario_vehicle_population\2022_vehicle_population_data.zip,PASSENGER,28,1994,5354,0.0007510356197650018
ontario_ministry_transport_vehicle_population,2022,Report 5,2022/2022_Reg_Veh_Report5_Class&Status&Descriptors.TXT,C:\Users\rashi\ESM_databases\canoe-transportation\inputs\cache\ontario_vehicle_population\2022_vehicle_population_data.zip,PASSENGER,29,1993,4712,0.0006609786776863445
ontario_ministry_transport_vehicle_population,2022,Report 5,2022/2022_Reg_Veh_Report5_Class&Status&Descriptors.TXT,C:\Users\rashi\ESM_databases\canoe-transportation\inputs\cache\ontario_vehicle_population\2022_vehicle_population_data.zip,PASSENGER,30,1992,4779,0.0006703771436042107
